,FECHA,TMAX,TMIN,T_AVE,NOMBRE
1823,Mar-22,30.1,18.1,24.1,NUEVE DE JULIO
1459,Mar-22,28.8,19.5,24.15,MORON AERO
1094,Mar-22,28.9,15.0,21.95,EL PALOMAR AERO
729,Mar-22,28.7,20.5,24.6,BUENOS AIRES OBSERVATORIO
364,Mar-22,27.6,19.8,23.700000000000003,AEROPARQUE AERO
1822,Mar-22,30.8,15.6,23.2,NUEVE DE JULIO
1458,Mar-22,30.9,19.4,25.15,MORON AERO
1093,Mar-22,31.2,17.8,24.5,EL PALOMAR AERO
728,Mar-22,31.5,21.5,26.5,BUENOS AIRES OBSERVATORIO
363,Mar-22,28.6,21.3,24.950000000000003,AEROPARQUE AERO
1821,Mar-22,21.8,13.4,17.6,NUEVE DE JULIO
1457,Mar-22,25.2,14.7,19.95,MORON AERO
1092,Mar-22,23.0,14.5,18.75,EL PALOMAR AERO
727,Mar-22,25.3,14.9,20.1,BUENOS AIRES OBSERVATORIO
362,Mar-22,26.1,14.3,20.200000000000003,AEROPARQUE AERO
1820,Mar-22,22.0,7.5,14.75,NUEVE DE JULIO
1456,Mar-22,20.5,6.4,13.45,MORON AERO
1091,Mar-22,20.6,5.0,12.8,EL PALOMAR AERO
726,Mar-22,21.7,8.2,14.95,BUENOS AIRES OBSERVATORIO
361,Mar-22,18.9,11.4,15.15,AEROPARQUE AERO
1819,Mar-22,22.5,8.5,15.5,NUEVE DE JULIO
1455,Mar-22,21.6,9.9,15.75,MORON AERO
1090,Mar-22,21.4,7.2,14.3,EL PALOMAR AERO
725,Mar-22,21.5,10.2,15.85,BUENOS AIRES OBSERVATORIO
360,Mar-22,20.6,13.0,16.8,AEROPARQUE AERO
1818,Mar-22,17.9,12.9,15.4,NUEVE DE JULIO
1454,Mar-22,21.8,15.4,18.6,MORON AERO
1089,Mar-22,22.0,15.5,18.75,EL PALOMAR AERO
724,Mar-22,22.4,15.4,18.9,BUENOS AIRES OBSERVATORIO
359,Mar-22,22.5,15.3,18.9,AEROPARQUE AERO
1817,Mar-22,26.5,13.0,19.75,NUEVE DE JULIO
1453,Mar-22,24.0,17.5,20.75,MORON AERO
1088,Mar-22,24.4,17.8,21.1,EL PALOMAR AERO
723,Mar-22,25.5,17.9,21.7,BUENOS AIRES OBSERVATORIO
358,Mar-22,22.8,18.3,20.55,AEROPARQUE AERO
1816,Mar-22,25.4,15.3,20.35,NUEVE DE JULIO
1452,Mar-22,26.5,19.0,22.75,MORON AERO
1087,Mar-22,27.0,18.0,22.5,EL PALOMAR AERO
722,Mar-22,26.2,19.6,22.9,BUENOS AIRES OBSERVATORIO
357,Mar-22,24.3,19.8,22.05,AEROPARQUE AERO
1815,Mar-22,21.6,9.1,15.35,NUEVE DE JULIO
1451,Mar-22,23.2,10.5,16.85,MORON AERO
1086,Mar-22,24.0,10.5,17.25,EL PALOMAR AERO
721,Mar-22,23.2,11.4,17.3,BUENOS AIRES OBSERVATORIO
356,Mar-22,22.7,11.3,17.0,AEROPARQUE AERO
1814,Mar-22,21.8,8.7,15.25,NUEVE DE JULIO
1450,Mar-22,21.8,8.4,15.1,MORON AERO
1085,Mar-22,21.9,9.0,15.45,EL PALOMAR AERO
720,Mar-22,21.4,9.3,15.35,BUENOS AIRES OBSERVATORIO
355,Mar-22,21.5,10.1,15.8,AEROPARQUE AERO
1813,Mar-22,22.7,14.0,18.35,NUEVE DE JULIO
1449,Mar-22,23.4,14.2,18.8,MORON AERO
1084,Mar-22,24.0,15.5,19.75,EL PALOMAR AERO
719,Mar-22,24.7,15.9,20.3,BUENOS AIRES OBSERVATORIO
354,Mar-22,24.3,16.7,20.5,AEROPARQUE AERO
1812,Mar-22,28.8,11.3,20.05,NUEVE DE JULIO
1448,Mar-22,27.7,12.3,20.0,MORON AERO
1083,Mar-22,28.0,8.7,18.35,EL PALOMAR AERO
718,Mar-22,29.0,13.6,21.3,BUENOS AIRES OBSERVATORIO
353,Mar-22,28.6,14.0,21.3,AEROPARQUE AERO
1811,Mar-22,28.6,13.3,20.950000000000003,NUEVE DE JULIO
1447,Mar-22,27.4,15.4,21.4,MORON AERO
1082,Mar-22,28.0,10.2,19.1,EL PALOMAR AERO
717,Mar-22,27.3,14.9,21.1,BUENOS AIRES OBSERVATORIO
352,Mar-22,25.5,16.7,21.1,AEROPARQUE AERO
1810,Mar-22,23.0,14.9,18.95,NUEVE DE JULIO
1446,Mar-22,28.0,16.8,22.4,MORON AERO
1081,Mar-22,28.5,18.0,23.25,EL PALOMAR AERO
716,Mar-22,30.4,19.0,24.7,BUENOS AIRES OBSERVATORIO
351,Mar-22,28.7,19.2,23.95,AEROPARQUE AERO
1809,Mar-22,17.0,5.5,11.25,NUEVE DE JULIO
1445,Mar-22,17.0,6.8,11.9,MORON AERO
1080,Mar-22,18.2,7.0,12.6,EL PALOMAR AERO
715,Mar-22,19.0,8.7,13.85,BUENOS AIRES OBSERVATORIO
350,Mar-22,19.7,9.5,14.6,AEROPARQUE AERO
1808,Mar-22,20.4,4.0,12.2,NUEVE DE JULIO
1444,Mar-22,19.4,4.9,12.15,MORON AERO
1079,Mar-22,19.5,2.5,11.0,EL PALOMAR AERO
714,Mar-22,21.2,7.0,14.1,BUENOS AIRES OBSERVATORIO
349,Mar-22,20.1,9.3,14.7,AEROPARQUE AERO
1807,Apr-22,22.2,5.1,13.65,NUEVE DE JULIO
1443,Apr-22,21.0,6.8,13.9,MORON AERO
1078,Apr-22,21.2,3.0,12.1,EL PALOMAR AERO
713,Apr-22,20.4,8.2,14.3,BUENOS AIRES OBSERVATORIO
348,Apr-22,19.0,11.1,15.05,AEROPARQUE AERO
1806,Apr-22,23.6,7.6,15.6,NUEVE DE JULIO
1442,Apr-22,22.2,9.8,16.0,MORON AERO
1077,Apr-22,22.0,6.0,14.0,EL PALOMAR AERO
712,Apr-22,22.4,12.5,17.45,BUENOS AIRES OBSERVATORIO
347,Apr-22,21.6,14.7,18.15,AEROPARQUE AERO
1805,Apr-22,22.0,10.1,16.05,NUEVE DE JULIO
1441,Apr-22,23.6,15.2,19.4,MORON AERO
1076,Apr-22,23.5,15.0,19.25,EL PALOMAR AERO
711,Apr-22,24.5,16.3,20.4,BUENOS AIRES OBSERVATORIO
346,Apr-22,24.1,16.6,20.35,AEROPARQUE AERO
1804,Apr-22,24.0,4.8,14.4,NUEVE DE JULIO
1440,Apr-22,22.5,5.5,14.0,MORON AERO
1075,Apr-22,22.5,3.2,12.85,EL PALOMAR AERO
710,Apr-22,23.0,7.6,15.3,BUENOS AIRES OBSERVATORIO
345,Apr-22,20.1,11.8,15.95,AEROPARQUE AERO
1803,Apr-22,27.9,8.6,18.25,NUEVE DE JULIO
1439,Apr-22,24.8,7.4,16.1,MORON AERO
1074,Apr-22,25.0,3.5,14.25,EL PALOMAR AERO
709,Apr-22,24.0,8.9,16.45,BUENOS AIRES OBSERVATORIO
344,Apr-22,22.1,11.2,16.65,AEROPARQUE AERO
1802,Apr-22,28.3,10.5,19.4,NUEVE DE JULIO
1438,Apr-22,27.0,11.5,19.25,MORON AERO
1073,Apr-22,27.5,7.5,17.5,EL PALOMAR AERO
708,Apr-22,26.6,13.0,19.8,BUENOS AIRES OBSERVATORIO
343,Apr-22,24.8,15.2,20.0,AEROPARQUE AERO
1801,Apr-22,29.4,14.4,21.9,NUEVE DE JULIO
1437,Apr-22,26.4,14.2,20.3,MORON AERO
1072,Apr-22,26.5,11.5,19.0,EL PALOMAR AERO
707,Apr-22,26.7,15.7,21.2,BUENOS AIRES OBSERVATORIO
342,Apr-22,24.1,17.6,20.85,AEROPARQUE AERO
1800,Apr-22,24.0,14.0,19.0,NUEVE DE JULIO
1436,Apr-22,25.0,17.5,21.25,MORON AERO
1071,Apr-22,25.0,17.6,21.3,EL PALOMAR AERO
706,Apr-22,25.5,18.0,21.75,BUENOS AIRES OBSERVATORIO
341,Apr-22,22.6,18.1,20.35,AEROPARQUE AERO
1799,Apr-22,27.9,13.4,20.65,NUEVE DE JULIO
1435,Apr-22,27.4,14.7,21.05,MORON AERO
1070,Apr-22,26.5,12.4,19.45,EL PALOMAR AERO
705,Apr-22,25.4,15.9,20.65,BUENOS AIRES OBSERVATORIO
340,Apr-22,22.2,17.4,19.8,AEROPARQUE AERO
1798,Apr-22,22.3,14.1,18.2,NUEVE DE JULIO
1434,Apr-22,27.2,16.9,22.05,MORON AERO
1069,Apr-22,27.2,15.0,21.1,EL PALOMAR AERO
704,Apr-22,26.6,19.0,22.8,BUENOS AIRES OBSERVATORIO
339,Apr-22,25.6,19.6,22.6,AEROPARQUE AERO
1797,Apr-22,20.0,13.6,16.8,NUEVE DE JULIO
1433,Apr-22,24.0,15.4,19.7,MORON AERO
1068,Apr-22,24.0,16.0,20.0,EL PALOMAR AERO
703,Apr-22,25.2,16.9,21.05,BUENOS AIRES OBSERVATORIO
338,Apr-22,24.7,17.0,20.85,AEROPARQUE AERO
1796,Apr-22,20.1,9.0,14.55,NUEVE DE JULIO
1432,Apr-22,21.2,10.3,15.75,MORON AERO
1067,Apr-22,21.5,7.5,14.5,EL PALOMAR AERO
702,Apr-22,23.2,11.7,17.45,BUENOS AIRES OBSERVATORIO
337,Apr-22,22.6,13.1,17.85,AEROPARQUE AERO
1795,Apr-22,22.3,5.1,13.7,NUEVE DE JULIO
1431,Apr-22,20.7,7.2,13.95,MORON AERO
1066,Apr-22,20.5,5.7,13.1,EL PALOMAR AERO
701,Apr-22,21.5,9.1,15.3,BUENOS AIRES OBSERVATORIO
336,Apr-22,21.2,11.3,16.25,AEROPARQUE AERO
1794,Apr-22,21.9,7.6,14.75,NUEVE DE JULIO
1430,Apr-22,21.0,6.5,13.75,MORON AERO
1065,Apr-22,21.1,5.4,13.25,EL PALOMAR AERO
700,Apr-22,22.2,9.6,15.9,BUENOS AIRES OBSERVATORIO
335,Apr-22,19.8,12.4,16.1,AEROPARQUE AERO
1793,Apr-22,22.5,6.9,14.7,NUEVE DE JULIO
1429,Apr-22,21.2,9.4,15.3,MORON AERO
1064,Apr-22,19.5,6.5,13.0,EL PALOMAR AERO
699,Apr-22,19.7,9.8,14.75,BUENOS AIRES OBSERVATORIO
334,Apr-22,18.1,13.2,15.65,AEROPARQUE AERO
1792,Apr-22,23.3,7.5,15.4,NUEVE DE JULIO
1428,Apr-22,23.0,9.2,16.1,MORON AERO
1063,Apr-22,23.7,7.2,15.45,EL PALOMAR AERO
698,Apr-22,23.1,13.6,18.35,BUENOS AIRES OBSERVATORIO
333,Apr-22,21.1,15.8,18.450000000000003,AEROPARQUE AERO
1791,Apr-22,22.6,10.1,16.35,NUEVE DE JULIO
1427,Apr-22,23.2,15.9,19.55,MORON AERO
1062,Apr-22,22.1,12.4,17.25,EL PALOMAR AERO
697,Apr-22,21.9,17.0,19.45,BUENOS AIRES OBSERVATORIO
332,Apr-22,21.6,17.6,19.6,AEROPARQUE AERO
1790,Apr-22,24.7,10.5,17.6,NUEVE DE JULIO
1426,Apr-22,24.2,16.9,20.55,MORON AERO
1061,Apr-22,23.6,14.2,18.9,EL PALOMAR AERO
696,Apr-22,23.9,17.0,20.45,BUENOS AIRES OBSERVATORIO
331,Apr-22,21.7,17.2,19.45,AEROPARQUE AERO
1789,Apr-22,25.6,10.4,18.0,NUEVE DE JULIO
1425,Apr-22,26.0,11.5,18.75,MORON AERO
1060,Apr-22,26.0,9.5,17.75,EL PALOMAR AERO
695,Apr-22,25.1,14.4,19.75,BUENOS AIRES OBSERVATORIO
330,Apr-22,24.0,17.5,20.75,AEROPARQUE AERO
1788,Apr-22,25.0,12.1,18.55,NUEVE DE JULIO
1424,Apr-22,26.8,13.7,20.25,MORON AERO
1059,Apr-22,26.5,9.2,17.85,EL PALOMAR AERO
694,Apr-22,26.5,13.5,20.0,BUENOS AIRES OBSERVATORIO
329,Apr-22,24.5,16.2,20.35,AEROPARQUE AERO
1787,Apr-22,21.7,8.3,15.0,NUEVE DE JULIO
1423,Apr-22,22.0,11.1,16.55,MORON AERO
1058,Apr-22,22.0,12.0,17.0,EL PALOMAR AERO
693,Apr-22,22.6,13.0,17.8,BUENOS AIRES OBSERVATORIO
328,Apr-22,22.6,13.8,18.200000000000003,AEROPARQUE AERO
1786,Apr-22,19.4,11.6,15.5,NUEVE DE JULIO
1422,Apr-22,17.5,11.3,14.4,MORON AERO
1057,Apr-22,17.2,11.0,14.1,EL PALOMAR AERO
692,Apr-22,18.3,13.3,15.8,BUENOS AIRES OBSERVATORIO
327,Apr-22,19.1,13.8,16.450000000000003,AEROPARQUE AERO
1785,Apr-22,25.4,6.0,15.7,NUEVE DE JULIO
1421,Apr-22,22.0,6.0,14.0,MORON AERO
1056,Apr-22,21.8,2.0,11.9,EL PALOMAR AERO
691,Apr-22,21.9,7.4,14.65,BUENOS AIRES OBSERVATORIO
326,Apr-22,21.1,9.3,15.2,AEROPARQUE AERO
1784,Apr-22,27.2,12.2,19.7,NUEVE DE JULIO
1420,Apr-22,24.8,12.4,18.6,MORON AERO
1055,Apr-22,25.2,12.0,18.6,EL PALOMAR AERO
690,Apr-22,24.7,13.5,19.1,BUENOS AIRES OBSERVATORIO
325,Apr-22,22.6,13.4,18.0,AEROPARQUE AERO
1783,Apr-22,23.1,15.6,19.35,NUEVE DE JULIO
1419,Apr-22,25.6,18.8,22.200000000000003,MORON AERO
1054,Apr-22,25.5,19.2,22.35,EL PALOMAR AERO
689,Apr-22,25.7,19.5,22.6,BUENOS AIRES OBSERVATORIO
324,Apr-22,24.1,18.2,21.15,AEROPARQUE AERO
1782,Apr-22,23.3,11.1,17.2,NUEVE DE JULIO
1418,Apr-22,24.4,17.3,20.85,MORON AERO
1053,Apr-22,24.8,18.0,21.4,EL PALOMAR AERO
688,Apr-22,24.5,18.8,21.65,BUENOS AIRES OBSERVATORIO
323,Apr-22,23.3,18.3,20.8,AEROPARQUE AERO
1781,Apr-22,23.0,10.1,16.55,NUEVE DE JULIO
1417,Apr-22,25.0,12.8,18.9,MORON AERO
1052,Apr-22,25.7,11.1,18.4,EL PALOMAR AERO
687,Apr-22,25.3,13.8,19.55,BUENOS AIRES OBSERVATORIO
322,Apr-22,25.4,14.3,19.85,AEROPARQUE AERO
1780,Apr-22,15.7,7.7,11.7,NUEVE DE JULIO
1416,Apr-22,16.8,8.9,12.85,MORON AERO
1051,Apr-22,17.0,7.5,12.25,EL PALOMAR AERO
686,Apr-22,18.8,11.2,15.0,BUENOS AIRES OBSERVATORIO
321,Apr-22,18.3,11.6,14.95,AEROPARQUE AERO
1779,Apr-22,14.4,2.8,8.6,NUEVE DE JULIO
1415,Apr-22,14.3,2.2,8.25,MORON AERO
1050,Apr-22,14.9,0.3,7.6,EL PALOMAR AERO
685,Apr-22,16.1,4.6,10.35,BUENOS AIRES OBSERVATORIO
320,Apr-22,15.6,8.2,11.9,AEROPARQUE AERO
1778,Apr-22,15.1,4.3,9.7,NUEVE DE JULIO
1414,Apr-22,15.8,4.9,10.35,MORON AERO
1049,Apr-22,16.0,3.0,9.5,EL PALOMAR AERO
684,Apr-22,16.0,7.3,11.65,BUENOS AIRES OBSERVATORIO
319,Apr-22,15.1,9.7,12.4,AEROPARQUE AERO
1777,May-22,18.6,4.3,11.45,NUEVE DE JULIO
1413,May-22,18.8,5.9,12.35,MORON AERO
1048,May-22,19.0,3.4,11.2,EL PALOMAR AERO
683,May-22,20.0,7.4,13.7,BUENOS AIRES OBSERVATORIO
318,May-22,19.5,9.5,14.5,AEROPARQUE AERO
1776,May-22,14.9,4.3,9.6,NUEVE DE JULIO
1412,May-22,16.0,7.0,11.5,MORON AERO
1047,May-22,16.4,5.5,10.95,EL PALOMAR AERO
682,May-22,16.5,8.3,12.4,BUENOS AIRES OBSERVATORIO
317,May-22,16.3,10.0,13.15,AEROPARQUE AERO
1775,May-22,18.0,3.6,10.8,NUEVE DE JULIO
1411,May-22,17.6,3.0,10.3,MORON AERO
1046,May-22,18.1,2.3,10.2,EL PALOMAR AERO
681,May-22,18.1,6.0,12.05,BUENOS AIRES OBSERVATORIO
316,May-22,17.1,9.0,13.05,AEROPARQUE AERO
1774,May-22,21.6,4.6,13.1,NUEVE DE JULIO
1410,May-22,21.8,3.9,12.85,MORON AERO
1045,May-22,21.0,1.0,11.0,EL PALOMAR AERO
680,May-22,21.1,7.5,14.3,BUENOS AIRES OBSERVATORIO
315,May-22,18.6,9.8,14.2,AEROPARQUE AERO
1773,May-22,23.0,6.2,14.6,NUEVE DE JULIO
1409,May-22,22.0,8.1,15.05,MORON AERO
1044,May-22,22.4,3.0,12.7,EL PALOMAR AERO
679,May-22,22.0,9.6,15.8,BUENOS AIRES OBSERVATORIO
314,May-22,19.6,11.2,15.4,AEROPARQUE AERO
1772,May-22,25.5,7.3,16.4,NUEVE DE JULIO
1408,May-22,24.2,10.4,17.3,MORON AERO
1043,May-22,24.9,6.0,15.45,EL PALOMAR AERO
678,May-22,24.8,13.2,19.0,BUENOS AIRES OBSERVATORIO
313,May-22,22.4,13.3,17.85,AEROPARQUE AERO
1771,May-22,24.4,9.2,16.799999999999997,NUEVE DE JULIO
1407,May-22,23.8,12.5,18.15,MORON AERO
1042,May-22,24.6,7.5,16.05,EL PALOMAR AERO
677,May-22,24.2,14.7,19.45,BUENOS AIRES OBSERVATORIO
312,May-22,22.1,14.4,18.25,AEROPARQUE AERO
1770,May-22,24.1,11.7,17.9,NUEVE DE JULIO
1406,May-22,24.6,12.5,18.55,MORON AERO
1041,May-22,24.5,10.0,17.25,EL PALOMAR AERO
676,May-22,23.9,15.0,19.45,BUENOS AIRES OBSERVATORIO
311,May-22,21.9,14.8,18.35,AEROPARQUE AERO
1769,May-22,23.4,10.3,16.85,NUEVE DE JULIO
1405,May-22,22.0,8.1,15.05,MORON AERO
1040,May-22,22.0,5.3,13.65,EL PALOMAR AERO
675,May-22,22.5,11.0,16.75,BUENOS AIRES OBSERVATORIO
310,May-22,20.6,13.1,16.85,AEROPARQUE AERO
1768,May-22,20.0,9.3,14.65,NUEVE DE JULIO
1404,May-22,19.8,12.4,16.1,MORON AERO
1039,May-22,20.5,10.5,15.5,EL PALOMAR AERO
674,May-22,21.0,13.6,17.3,BUENOS AIRES OBSERVATORIO
309,May-22,20.0,14.3,17.15,AEROPARQUE AERO
1767,May-22,17.7,9.3,13.5,NUEVE DE JULIO
1403,May-22,17.5,9.7,13.6,MORON AERO
1038,May-22,17.2,8.8,13.0,EL PALOMAR AERO
673,May-22,17.6,10.5,14.05,BUENOS AIRES OBSERVATORIO
308,May-22,17.1,10.9,14.0,AEROPARQUE AERO
1766,May-22,18.5,7.0,12.75,NUEVE DE JULIO
1402,May-22,18.0,4.9,11.45,MORON AERO
1037,May-22,17.5,3.5,10.5,EL PALOMAR AERO
672,May-22,17.2,7.8,12.5,BUENOS AIRES OBSERVATORIO
307,May-22,16.5,10.1,13.3,AEROPARQUE AERO
1765,May-22,19.5,9.7,14.6,NUEVE DE JULIO
1401,May-22,19.6,10.4,15.0,MORON AERO
1036,May-22,20.0,7.8,13.9,EL PALOMAR AERO
671,May-22,19.6,11.7,15.65,BUENOS AIRES OBSERVATORIO
306,May-22,18.7,13.6,16.15,AEROPARQUE AERO
1764,May-22,17.9,4.4,11.15,NUEVE DE JULIO
1400,May-22,19.5,10.5,15.0,MORON AERO
1035,May-22,19.7,8.9,14.3,EL PALOMAR AERO
670,May-22,20.9,12.6,16.75,BUENOS AIRES OBSERVATORIO
305,May-22,19.8,13.9,16.85,AEROPARQUE AERO
1763,May-22,15.6,4.4,10.0,NUEVE DE JULIO
1399,May-22,15.2,5.2,10.2,MORON AERO
1034,May-22,15.3,3.6,9.45,EL PALOMAR AERO
669,May-22,16.7,7.8,12.25,BUENOS AIRES OBSERVATORIO
304,May-22,15.7,9.3,12.5,AEROPARQUE AERO
1762,May-22,15.9,7.3,11.6,NUEVE DE JULIO
1398,May-22,15.6,9.7,12.65,MORON AERO
1033,May-22,15.8,10.0,12.9,EL PALOMAR AERO
668,May-22,16.0,10.4,13.2,BUENOS AIRES OBSERVATORIO
303,May-22,15.8,10.4,13.1,AEROPARQUE AERO
1761,May-22,14.6,6.9,10.75,NUEVE DE JULIO
1397,May-22,15.0,8.2,11.6,MORON AERO
1032,May-22,15.0,7.8,11.4,EL PALOMAR AERO
667,May-22,14.9,9.0,11.95,BUENOS AIRES OBSERVATORIO
302,May-22,14.9,8.8,11.85,AEROPARQUE AERO
1760,May-22,13.9,6.8,10.35,NUEVE DE JULIO
1396,May-22,16.0,5.1,10.55,MORON AERO
1031,May-22,15.8,6.5,11.15,EL PALOMAR AERO
666,May-22,16.5,8.2,12.35,BUENOS AIRES OBSERVATORIO
301,May-22,15.8,8.9,12.35,AEROPARQUE AERO
1759,May-22,16.4,1.5,8.95,NUEVE DE JULIO
1395,May-22,16.3,2.0,9.15,MORON AERO
1030,May-22,16.5,0.0,8.25,EL PALOMAR AERO
665,May-22,16.6,5.0,10.8,BUENOS AIRES OBSERVATORIO
300,May-22,14.5,7.8,11.15,AEROPARQUE AERO
1758,May-22,20.1,3.2,11.65,NUEVE DE JULIO
1394,May-22,19.5,5.9,12.7,MORON AERO
1029,May-22,19.0,1.4,10.2,EL PALOMAR AERO
664,May-22,19.5,7.8,13.65,BUENOS AIRES OBSERVATORIO
299,May-22,17.8,8.2,13.0,AEROPARQUE AERO
1757,May-22,22.0,6.1,14.05,NUEVE DE JULIO
1393,May-22,21.6,9.7,15.65,MORON AERO
1028,May-22,22.0,7.2,14.6,EL PALOMAR AERO
663,May-22,23.1,11.6,17.35,BUENOS AIRES OBSERVATORIO
298,May-22,21.1,11.8,16.450000000000003,AEROPARQUE AERO
1756,May-22,21.5,4.7,13.1,NUEVE DE JULIO
1392,May-22,21.6,5.9,13.75,MORON AERO
1027,May-22,21.0,1.7,11.35,EL PALOMAR AERO
662,May-22,20.2,9.2,14.7,BUENOS AIRES OBSERVATORIO
297,May-22,18.1,10.1,14.1,AEROPARQUE AERO
1755,May-22,18.8,9.1,13.95,NUEVE DE JULIO
1391,May-22,21.5,9.5,15.5,MORON AERO
1026,May-22,22.0,4.5,13.25,EL PALOMAR AERO
661,May-22,21.0,10.6,15.8,BUENOS AIRES OBSERVATORIO
296,May-22,17.9,12.2,15.05,AEROPARQUE AERO
1754,May-22,14.6,8.9,11.75,NUEVE DE JULIO
1390,May-22,20.6,12.9,16.75,MORON AERO
1025,May-22,21.2,11.4,16.3,EL PALOMAR AERO
660,May-22,21.3,13.8,17.55,BUENOS AIRES OBSERVATORIO
295,May-22,20.5,13.1,16.8,AEROPARQUE AERO
1753,May-22,12.2,7.9,10.05,NUEVE DE JULIO
1389,May-22,13.2,8.1,10.65,MORON AERO
1024,May-22,13.6,7.4,10.5,EL PALOMAR AERO
659,May-22,14.4,9.2,11.8,BUENOS AIRES OBSERVATORIO
294,May-22,15.0,9.6,12.3,AEROPARQUE AERO
1752,May-22,13.5,2.2,7.85,NUEVE DE JULIO
1388,May-22,14.0,4.0,9.0,MORON AERO
1023,May-22,14.0,3.1,8.55,EL PALOMAR AERO
658,May-22,15.3,5.4,10.35,BUENOS AIRES OBSERVATORIO
293,May-22,13.8,7.4,10.6,AEROPARQUE AERO
1751,May-22,15.1,4.8,9.95,NUEVE DE JULIO
1387,May-22,15.6,4.9,10.25,MORON AERO
1022,May-22,16.0,4.4,10.2,EL PALOMAR AERO
657,May-22,16.8,7.9,12.35,BUENOS AIRES OBSERVATORIO
292,May-22,15.1,10.1,12.6,AEROPARQUE AERO
1750,May-22,14.8,7.1,10.95,NUEVE DE JULIO
1386,May-22,15.2,5.7,10.45,MORON AERO
1021,May-22,14.5,4.2,9.35,EL PALOMAR AERO
656,May-22,14.5,8.4,11.45,BUENOS AIRES OBSERVATORIO
291,May-22,13.1,10.2,11.65,AEROPARQUE AERO
1749,May-22,12.0,1.0,6.5,NUEVE DE JULIO
1385,May-22,11.4,3.8,7.6,MORON AERO
1020,May-22,12.0,3.0,7.5,EL PALOMAR AERO
655,May-22,12.5,6.2,9.35,BUENOS AIRES OBSERVATORIO
290,May-22,12.4,6.4,9.4,AEROPARQUE AERO
1748,May-22,12.2,-0.8,5.699999999999999,NUEVE DE JULIO
1384,May-22,11.5,0.5,6.0,MORON AERO
1019,May-22,11.9,-1.4,5.25,EL PALOMAR AERO
654,May-22,13.2,2.5,7.85,BUENOS AIRES OBSERVATORIO
289,May-22,12.4,4.1,8.25,AEROPARQUE AERO
1747,May-22,12.8,-1.5,5.65,NUEVE DE JULIO
1383,May-22,12.0,-1.1,5.45,MORON AERO
1018,May-22,12.0,-4.7,3.65,EL PALOMAR AERO
653,May-22,12.8,1.2,7.0,BUENOS AIRES OBSERVATORIO
288,May-22,12.5,4.4,8.45,AEROPARQUE AERO
1746,Jun-22,13.9,3.3,8.6,NUEVE DE JULIO
1382,Jun-22,13.4,-0.6,6.4,MORON AERO
1017,Jun-22,13.9,-1.6,6.15,EL PALOMAR AERO
652,Jun-22,14.9,3.0,8.95,BUENOS AIRES OBSERVATORIO
287,Jun-22,13.2,5.3,9.25,AEROPARQUE AERO
1745,Jun-22,14.2,0.6,7.399999999999999,NUEVE DE JULIO
1381,Jun-22,13.2,-1.1,6.05,MORON AERO
1016,Jun-22,13.5,-3.4,5.05,EL PALOMAR AERO
651,Jun-22,14.6,1.7,8.15,BUENOS AIRES OBSERVATORIO
286,Jun-22,12.2,5.5,8.85,AEROPARQUE AERO
1744,Jun-22,13.6,0.8,7.2,NUEVE DE JULIO
1380,Jun-22,12.5,0.0,6.25,MORON AERO
1015,Jun-22,12.4,-3.0,4.7,EL PALOMAR AERO
650,Jun-22,12.2,3.6,7.899999999999999,BUENOS AIRES OBSERVATORIO
285,Jun-22,11.9,7.3,9.6,AEROPARQUE AERO
1743,Jun-22,14.2,3.6,8.9,NUEVE DE JULIO
1379,Jun-22,15.7,7.7,11.7,MORON AERO
1014,Jun-22,16.0,8.8,12.4,EL PALOMAR AERO
649,Jun-22,16.0,9.7,12.85,BUENOS AIRES OBSERVATORIO
284,Jun-22,15.1,9.2,12.15,AEROPARQUE AERO
1742,Jun-22,15.3,1.3,8.3,NUEVE DE JULIO
1378,Jun-22,15.2,3.4,9.3,MORON AERO
1013,Jun-22,15.3,2.0,8.65,EL PALOMAR AERO
648,Jun-22,15.3,7.8,11.55,BUENOS AIRES OBSERVATORIO
283,Jun-22,14.8,9.1,11.95,AEROPARQUE AERO
1741,Jun-22,18.9,2.3,10.6,NUEVE DE JULIO
1377,Jun-22,16.3,3.9,10.1,MORON AERO
1012,Jun-22,16.9,2.0,9.45,EL PALOMAR AERO
647,Jun-22,17.3,7.1,12.2,BUENOS AIRES OBSERVATORIO
282,Jun-22,13.5,8.8,11.15,AEROPARQUE AERO
1740,Jun-22,18.0,4.5,11.25,NUEVE DE JULIO
1376,Jun-22,15.0,7.2,11.1,MORON AERO
1011,Jun-22,14.7,7.3,11.0,EL PALOMAR AERO
646,Jun-22,14.5,8.5,11.5,BUENOS AIRES OBSERVATORIO
281,Jun-22,11.5,7.3,9.4,AEROPARQUE AERO
1739,Jun-22,10.2,3.8,7.0,NUEVE DE JULIO
1375,Jun-22,14.2,6.4,10.3,MORON AERO
1010,Jun-22,16.3,6.8,11.55,EL PALOMAR AERO
645,Jun-22,15.2,7.2,11.2,BUENOS AIRES OBSERVATORIO
280,Jun-22,11.6,7.3,9.45,AEROPARQUE AERO
1738,Jun-22,16.7,6.4,11.55,NUEVE DE JULIO
1374,Jun-22,15.2,6.3,10.75,MORON AERO
1009,Jun-22,15.5,6.8,11.15,EL PALOMAR AERO
644,Jun-22,16.3,7.3,11.8,BUENOS AIRES OBSERVATORIO
279,Jun-22,16.1,8.3,12.2,AEROPARQUE AERO
1737,Jun-22,12.2,-1.5,5.35,NUEVE DE JULIO
1373,Jun-22,12.0,1.9,6.95,MORON AERO
1008,Jun-22,11.5,2.6,7.05,EL PALOMAR AERO
643,Jun-22,12.1,3.0,7.55,BUENOS AIRES OBSERVATORIO
278,Jun-22,11.5,4.2,7.85,AEROPARQUE AERO
1736,Jun-22,18.1,-0.2,8.950000000000001,NUEVE DE JULIO
1372,Jun-22,15.2,0.4,7.8,MORON AERO
1007,Jun-22,15.5,-3.4,6.05,EL PALOMAR AERO
642,Jun-22,16.2,2.5,9.35,BUENOS AIRES OBSERVATORIO
277,Jun-22,15.7,4.6,10.15,AEROPARQUE AERO
1735,Jun-22,22.1,1.9,12.0,NUEVE DE JULIO
1371,Jun-22,19.7,0.9,10.3,MORON AERO
1006,Jun-22,19.5,-2.5,8.5,EL PALOMAR AERO
641,Jun-22,19.3,3.2,11.25,BUENOS AIRES OBSERVATORIO
276,Jun-22,14.6,6.4,10.5,AEROPARQUE AERO
1734,Jun-22,20.9,5.3,13.1,NUEVE DE JULIO
1370,Jun-22,19.5,3.9,11.7,MORON AERO
1005,Jun-22,20.0,-0.2,9.9,EL PALOMAR AERO
640,Jun-22,18.5,6.3,12.4,BUENOS AIRES OBSERVATORIO
275,Jun-22,16.2,7.4,11.8,AEROPARQUE AERO
1733,Jun-22,17.0,7.1,12.05,NUEVE DE JULIO
1369,Jun-22,17.8,7.8,12.8,MORON AERO
1004,Jun-22,18.5,7.0,12.75,EL PALOMAR AERO
639,Jun-22,17.3,9.9,13.6,BUENOS AIRES OBSERVATORIO
274,Jun-22,15.6,9.3,12.45,AEROPARQUE AERO
1732,Jun-22,20.0,4.1,12.05,NUEVE DE JULIO
1368,Jun-22,19.0,5.9,12.45,MORON AERO
1003,Jun-22,19.3,2.7,11.0,EL PALOMAR AERO
638,Jun-22,19.3,9.1,14.2,BUENOS AIRES OBSERVATORIO
273,Jun-22,15.6,9.6,12.6,AEROPARQUE AERO
1731,Jun-22,11.6,3.5,7.55,NUEVE DE JULIO
1367,Jun-22,17.5,5.5,11.5,MORON AERO
1002,Jun-22,18.0,4.5,11.25,EL PALOMAR AERO
637,Jun-22,18.4,8.7,13.55,BUENOS AIRES OBSERVATORIO
272,Jun-22,17.2,9.5,13.35,AEROPARQUE AERO
1730,Jun-22,11.9,2.3,7.1,NUEVE DE JULIO
1366,Jun-22,13.0,3.5,8.25,MORON AERO
1001,Jun-22,13.0,3.6,8.3,EL PALOMAR AERO
636,Jun-22,13.5,5.0,9.25,BUENOS AIRES OBSERVATORIO
271,Jun-22,13.2,5.8,9.5,AEROPARQUE AERO
1729,Jun-22,15.9,0.2,8.05,NUEVE DE JULIO
1365,Jun-22,16.2,-0.1,8.049999999999999,MORON AERO
1000,Jun-22,16.7,-4.6,6.05,EL PALOMAR AERO
635,Jun-22,17.3,1.5,9.4,BUENOS AIRES OBSERVATORIO
270,Jun-22,16.6,3.4,10.0,AEROPARQUE AERO
1728,Jun-22,18.1,5.2,11.65,NUEVE DE JULIO
1364,Jun-22,17.8,6.4,12.1,MORON AERO
999,Jun-22,17.6,3.8,10.7,EL PALOMAR AERO
634,Jun-22,18.7,6.9,12.8,BUENOS AIRES OBSERVATORIO
269,Jun-22,18.0,6.4,12.2,AEROPARQUE AERO
1727,Jun-22,14.8,3.2,9.0,NUEVE DE JULIO
1363,Jun-22,15.5,3.4,9.45,MORON AERO
998,Jun-22,15.4,-0.1,7.65,EL PALOMAR AERO
633,Jun-22,15.4,5.7,10.55,BUENOS AIRES OBSERVATORIO
268,Jun-22,13.4,7.6,10.5,AEROPARQUE AERO
1726,Jun-22,13.0,3.2,8.1,NUEVE DE JULIO
1362,Jun-22,14.9,4.9,9.9,MORON AERO
997,Jun-22,15.5,3.8,9.65,EL PALOMAR AERO
632,Jun-22,16.2,7.4,11.8,BUENOS AIRES OBSERVATORIO
267,Jun-22,15.5,9.1,12.3,AEROPARQUE AERO
1725,Jun-22,9.0,1.3,5.15,NUEVE DE JULIO
1361,Jun-22,10.2,2.7,6.449999999999999,MORON AERO
996,Jun-22,10.2,3.2,6.699999999999999,EL PALOMAR AERO
631,Jun-22,10.5,4.4,7.45,BUENOS AIRES OBSERVATORIO
266,Jun-22,10.3,4.9,7.6,AEROPARQUE AERO
1724,Jun-22,10.7,0.5,5.6,NUEVE DE JULIO
1360,Jun-22,10.8,4.3,7.550000000000001,MORON AERO
995,Jun-22,10.5,4.6,7.55,EL PALOMAR AERO
630,Jun-22,10.3,5.1,7.7,BUENOS AIRES OBSERVATORIO
265,Jun-22,10.3,5.8,8.05,AEROPARQUE AERO
1723,Jun-22,12.2,2.5,7.35,NUEVE DE JULIO
1359,Jun-22,12.5,5.9,9.2,MORON AERO
994,Jun-22,12.7,7.4,10.05,EL PALOMAR AERO
629,Jun-22,12.2,8.0,10.1,BUENOS AIRES OBSERVATORIO
264,Jun-22,11.5,8.3,9.9,AEROPARQUE AERO
1722,Jun-22,9.6,0.6,5.1,NUEVE DE JULIO
1358,Jun-22,11.2,-0.5,5.35,MORON AERO
993,Jun-22,11.7,-0.5,5.6,EL PALOMAR AERO
628,Jun-22,12.2,2.6,7.399999999999999,BUENOS AIRES OBSERVATORIO
263,Jun-22,12.1,5.1,8.6,AEROPARQUE AERO
1721,Jun-22,10.2,0.6,5.4,NUEVE DE JULIO
1357,Jun-22,11.4,4.9,8.15,MORON AERO
992,Jun-22,10.5,3.6,7.05,EL PALOMAR AERO
627,Jun-22,10.4,6.3,8.35,BUENOS AIRES OBSERVATORIO
262,Jun-22,10.3,7.3,8.8,AEROPARQUE AERO
1720,Jun-22,14.5,5.4,9.95,NUEVE DE JULIO
1356,Jun-22,12.0,7.6,9.8,MORON AERO
991,Jun-22,12.5,6.9,9.7,EL PALOMAR AERO
626,Jun-22,12.6,8.6,10.6,BUENOS AIRES OBSERVATORIO
261,Jun-22,11.5,8.4,9.95,AEROPARQUE AERO
1719,Jun-22,20.0,6.5,13.25,NUEVE DE JULIO
1355,Jun-22,15.6,7.3,11.45,MORON AERO
990,Jun-22,16.0,3.0,9.5,EL PALOMAR AERO
625,Jun-22,15.3,9.3,12.3,BUENOS AIRES OBSERVATORIO
260,Jun-22,16.0,9.8,12.9,AEROPARQUE AERO
1718,Jun-22,19.7,5.3,12.5,NUEVE DE JULIO
1354,Jun-22,19.4,4.9,12.15,MORON AERO
989,Jun-22,19.6,0.9,10.25,EL PALOMAR AERO
624,Jun-22,20.2,7.2,13.7,BUENOS AIRES OBSERVATORIO
259,Jun-22,19.1,7.8,13.45,AEROPARQUE AERO
1717,Jun-22,16.6,5.3,10.95,NUEVE DE JULIO
1353,Jun-22,17.5,5.5,11.5,MORON AERO
988,Jun-22,17.4,2.0,9.7,EL PALOMAR AERO
623,Jun-22,18.2,8.8,13.5,BUENOS AIRES OBSERVATORIO
258,Jun-22,15.3,9.5,12.4,AEROPARQUE AERO
1716,Jul-22,10.0,2.8,6.4,NUEVE DE JULIO
1352,Jul-22,12.5,6.9,9.7,MORON AERO
987,Jul-22,12.7,1.5,7.1,EL PALOMAR AERO
622,Jul-22,12.6,9.8,11.2,BUENOS AIRES OBSERVATORIO
257,Jul-22,12.6,9.2,10.9,AEROPARQUE AERO
1715,Jul-22,14.3,3.6,8.950000000000001,NUEVE DE JULIO
1351,Jul-22,13.2,4.1,8.649999999999999,MORON AERO
986,Jul-22,13.5,0.9,7.2,EL PALOMAR AERO
621,Jul-22,14.5,6.7,10.6,BUENOS AIRES OBSERVATORIO
256,Jul-22,14.3,8.2,11.25,AEROPARQUE AERO
1714,Jul-22,16.5,-2.1,7.2,NUEVE DE JULIO
1350,Jul-22,15.0,-1.1,6.95,MORON AERO
985,Jul-22,15.5,-3.5,6.0,EL PALOMAR AERO
620,Jul-22,15.6,2.9,9.25,BUENOS AIRES OBSERVATORIO
255,Jul-22,13.1,4.7,8.9,AEROPARQUE AERO
1713,Jul-22,14.4,6.0,10.2,NUEVE DE JULIO
1349,Jul-22,12.7,7.5,10.1,MORON AERO
984,Jul-22,14.0,5.6,9.8,EL PALOMAR AERO
619,Jul-22,14.0,8.8,11.4,BUENOS AIRES OBSERVATORIO
254,Jul-22,13.0,8.8,10.9,AEROPARQUE AERO
1712,Jul-22,15.5,-1.2,7.15,NUEVE DE JULIO
1348,Jul-22,16.0,9.4,12.7,MORON AERO
983,Jul-22,15.3,9.5,12.4,EL PALOMAR AERO
618,Jul-22,14.5,10.1,12.3,BUENOS AIRES OBSERVATORIO
253,Jul-22,12.9,9.0,10.95,AEROPARQUE AERO
1711,Jul-22,15.0,5.3,10.15,NUEVE DE JULIO
1347,Jul-22,13.3,8.8,11.05,MORON AERO
982,Jul-22,13.6,7.0,10.3,EL PALOMAR AERO
617,Jul-22,14.5,9.4,11.95,BUENOS AIRES OBSERVATORIO
252,Jul-22,14.0,9.3,11.65,AEROPARQUE AERO
1710,Jul-22,15.2,2.6,8.9,NUEVE DE JULIO
1346,Jul-22,14.0,5.0,9.5,MORON AERO
981,Jul-22,14.0,1.2,7.6,EL PALOMAR AERO
616,Jul-22,15.1,7.0,11.05,BUENOS AIRES OBSERVATORIO
251,Jul-22,14.8,7.9,11.35,AEROPARQUE AERO
1709,Jul-22,14.1,-0.5,6.8,NUEVE DE JULIO
1345,Jul-22,14.4,-0.1,7.15,MORON AERO
980,Jul-22,14.0,-3.7,5.15,EL PALOMAR AERO
615,Jul-22,14.2,2.6,8.4,BUENOS AIRES OBSERVATORIO
250,Jul-22,13.7,5.1,9.4,AEROPARQUE AERO
1708,Jul-22,19.1,9.6,14.35,NUEVE DE JULIO
1344,Jul-22,18.4,10.4,14.4,MORON AERO
979,Jul-22,18.7,10.5,14.6,EL PALOMAR AERO
614,Jul-22,19.0,11.1,15.05,BUENOS AIRES OBSERVATORIO
249,Jul-22,16.6,10.8,13.7,AEROPARQUE AERO
1707,Jul-22,19.3,10.8,15.05,NUEVE DE JULIO
1343,Jul-22,20.2,14.3,17.25,MORON AERO
978,Jul-22,22.0,13.9,17.95,EL PALOMAR AERO
613,Jul-22,20.9,15.0,17.95,BUENOS AIRES OBSERVATORIO
248,Jul-22,21.5,14.8,18.15,AEROPARQUE AERO
1706,Jul-22,11.9,3.8,7.85,NUEVE DE JULIO
1342,Jul-22,14.4,8.8,11.6,MORON AERO
977,Jul-22,14.1,8.9,11.5,EL PALOMAR AERO
612,Jul-22,15.4,9.3,12.35,BUENOS AIRES OBSERVATORIO
247,Jul-22,15.6,9.3,12.45,AEROPARQUE AERO
1705,Jul-22,13.1,-0.2,6.45,NUEVE DE JULIO
1341,Jul-22,11.6,0.8,6.2,MORON AERO
976,Jul-22,12.4,-1.0,5.7,EL PALOMAR AERO
611,Jul-22,13.1,2.8,7.949999999999999,BUENOS AIRES OBSERVATORIO
246,Jul-22,11.9,4.6,8.25,AEROPARQUE AERO
1704,Jul-22,18.2,2.9,10.55,NUEVE DE JULIO
1340,Jul-22,17.0,4.5,10.75,MORON AERO
975,Jul-22,17.0,5.0,11.0,EL PALOMAR AERO
610,Jul-22,15.9,7.2,11.55,BUENOS AIRES OBSERVATORIO
245,Jul-22,14.4,7.3,10.85,AEROPARQUE AERO
1703,Jul-22,16.6,5.3,10.95,NUEVE DE JULIO
1339,Jul-22,15.0,8.5,11.75,MORON AERO
974,Jul-22,14.5,8.4,11.45,EL PALOMAR AERO
609,Jul-22,13.9,10.0,11.95,BUENOS AIRES OBSERVATORIO
244,Jul-22,14.2,9.7,11.95,AEROPARQUE AERO
1702,Jul-22,11.8,5.8,8.8,NUEVE DE JULIO
1338,Jul-22,12.2,8.1,10.15,MORON AERO
973,Jul-22,11.5,8.0,9.75,EL PALOMAR AERO
608,Jul-22,12.2,9.2,10.7,BUENOS AIRES OBSERVATORIO
243,Jul-22,13.3,8.5,10.9,AEROPARQUE AERO
1701,Jul-22,11.1,6.0,8.55,NUEVE DE JULIO
1337,Jul-22,11.0,8.3,9.65,MORON AERO
972,Jul-22,11.4,8.9,10.15,EL PALOMAR AERO
607,Jul-22,11.5,8.9,10.2,BUENOS AIRES OBSERVATORIO
242,Jul-22,11.7,8.4,10.05,AEROPARQUE AERO
1700,Jul-22,14.5,-0.3,7.1,NUEVE DE JULIO
1336,Jul-22,14.2,0.7,7.449999999999999,MORON AERO
971,Jul-22,14.5,0.4,7.45,EL PALOMAR AERO
606,Jul-22,14.5,2.5,8.5,BUENOS AIRES OBSERVATORIO
241,Jul-22,14.1,2.3,8.2,AEROPARQUE AERO
1699,Jul-22,15.3,2.4,8.85,NUEVE DE JULIO
1335,Jul-22,16.6,5.2,10.9,MORON AERO
970,Jul-22,17.6,5.3,11.45,EL PALOMAR AERO
605,Jul-22,18.1,6.3,12.2,BUENOS AIRES OBSERVATORIO
240,Jul-22,17.7,5.4,11.55,AEROPARQUE AERO
1698,Jul-22,18.0,0.8,9.4,NUEVE DE JULIO
1334,Jul-22,17.0,0.0,8.5,MORON AERO
969,Jul-22,16.8,-2.5,7.15,EL PALOMAR AERO
604,Jul-22,16.4,3.6,10.0,BUENOS AIRES OBSERVATORIO
239,Jul-22,14.2,6.8,10.5,AEROPARQUE AERO
1697,Jul-22,20.6,4.5,12.55,NUEVE DE JULIO
1333,Jul-22,20.0,6.9,13.45,MORON AERO
968,Jul-22,20.2,5.1,12.65,EL PALOMAR AERO
603,Jul-22,18.0,9.0,13.5,BUENOS AIRES OBSERVATORIO
238,Jul-22,15.7,8.4,12.05,AEROPARQUE AERO
1696,Jul-22,19.0,5.6,12.3,NUEVE DE JULIO
1332,Jul-22,19.5,8.3,13.9,MORON AERO
967,Jul-22,19.7,3.4,11.55,EL PALOMAR AERO
602,Jul-22,19.6,11.3,15.45,BUENOS AIRES OBSERVATORIO
237,Jul-22,19.5,10.2,14.85,AEROPARQUE AERO
1695,Jul-22,18.7,3.3,11.0,NUEVE DE JULIO
1331,Jul-22,18.6,3.4,11.0,MORON AERO
966,Jul-22,19.0,2.7,10.85,EL PALOMAR AERO
601,Jul-22,19.2,7.0,13.1,BUENOS AIRES OBSERVATORIO
236,Jul-22,17.2,9.1,13.15,AEROPARQUE AERO
1694,Jul-22,16.7,7.2,11.95,NUEVE DE JULIO
1330,Jul-22,16.5,9.5,13.0,MORON AERO
965,Jul-22,16.5,9.5,13.0,EL PALOMAR AERO
600,Jul-22,16.6,11.6,14.1,BUENOS AIRES OBSERVATORIO
235,Jul-22,15.2,10.8,13.0,AEROPARQUE AERO
1693,Jul-22,16.8,10.9,13.85,NUEVE DE JULIO
1329,Jul-22,16.6,14.7,15.65,MORON AERO
964,Jul-22,16.5,14.0,15.25,EL PALOMAR AERO
599,Jul-22,15.8,13.5,14.65,BUENOS AIRES OBSERVATORIO
234,Jul-22,15.3,11.9,13.6,AEROPARQUE AERO
1692,Jul-22,14.1,9.6,11.85,NUEVE DE JULIO
1328,Jul-22,16.6,11.5,14.05,MORON AERO
963,Jul-22,17.2,12.6,14.9,EL PALOMAR AERO
598,Jul-22,16.9,12.8,14.85,BUENOS AIRES OBSERVATORIO
233,Jul-22,15.8,11.8,13.8,AEROPARQUE AERO
1691,Jul-22,20.4,13.3,16.85,NUEVE DE JULIO
1327,Jul-22,23.0,13.4,18.2,MORON AERO
962,Jul-22,22.5,14.4,18.45,EL PALOMAR AERO
597,Jul-22,22.7,15.1,18.9,BUENOS AIRES OBSERVATORIO
232,Jul-22,20.8,14.1,17.45,AEROPARQUE AERO
1690,Jul-22,18.0,12.6,15.3,NUEVE DE JULIO
1326,Jul-22,19.8,16.4,18.1,MORON AERO
961,Jul-22,20.0,16.0,18.0,EL PALOMAR AERO
596,Jul-22,19.6,15.5,17.55,BUENOS AIRES OBSERVATORIO
231,Jul-22,19.6,14.5,17.05,AEROPARQUE AERO
1689,Jul-22,14.4,6.1,10.25,NUEVE DE JULIO
1325,Jul-22,16.7,9.1,12.9,MORON AERO
960,Jul-22,17.1,10.0,13.55,EL PALOMAR AERO
595,Jul-22,16.8,10.1,13.45,BUENOS AIRES OBSERVATORIO
230,Jul-22,16.8,9.9,13.35,AEROPARQUE AERO
1688,Jul-22,20.4,3.3,11.85,NUEVE DE JULIO
1324,Jul-22,18.0,3.8,10.9,MORON AERO
959,Jul-22,18.6,2.8,10.7,EL PALOMAR AERO
594,Jul-22,19.2,5.8,12.5,BUENOS AIRES OBSERVATORIO
229,Jul-22,18.1,6.8,12.45,AEROPARQUE AERO
1687,Jul-22,22.3,5.0,13.65,NUEVE DE JULIO
1323,Jul-22,21.0,4.9,12.95,MORON AERO
958,Jul-22,21.4,0.5,10.95,EL PALOMAR AERO
593,Jul-22,20.5,8.3,14.4,BUENOS AIRES OBSERVATORIO
228,Jul-22,17.2,8.1,12.65,AEROPARQUE AERO
1686,Jul-22,21.8,8.8,15.3,NUEVE DE JULIO
1322,Jul-22,18.9,9.3,14.1,MORON AERO
957,Jul-22,18.6,7.0,12.8,EL PALOMAR AERO
592,Jul-22,19.0,10.4,14.7,BUENOS AIRES OBSERVATORIO
227,Jul-22,17.4,10.7,14.05,AEROPARQUE AERO
1685,Aug-22,21.0,5.8,13.4,NUEVE DE JULIO
1321,Aug-22,19.2,4.6,11.9,MORON AERO
956,Aug-22,18.7,2.6,10.65,EL PALOMAR AERO
591,Aug-22,18.6,8.4,13.5,BUENOS AIRES OBSERVATORIO
226,Aug-22,16.6,10.3,13.45,AEROPARQUE AERO
1684,Aug-22,18.4,4.6,11.5,NUEVE DE JULIO
1320,Aug-22,17.0,8.7,12.85,MORON AERO
955,Aug-22,17.0,4.5,10.75,EL PALOMAR AERO
590,Aug-22,16.2,10.3,13.25,BUENOS AIRES OBSERVATORIO
225,Aug-22,15.6,11.1,13.35,AEROPARQUE AERO
1683,Aug-22,14.1,7.1,10.6,NUEVE DE JULIO
1319,Aug-22,16.0,8.9,12.45,MORON AERO
954,Aug-22,16.4,8.0,12.2,EL PALOMAR AERO
589,Aug-22,15.8,10.2,13.0,BUENOS AIRES OBSERVATORIO
224,Aug-22,16.1,10.2,13.15,AEROPARQUE AERO
1682,Aug-22,16.0,6.6,11.3,NUEVE DE JULIO
1318,Aug-22,14.2,7.5,10.85,MORON AERO
953,Aug-22,13.5,0.4,6.95,EL PALOMAR AERO
588,Aug-22,13.6,7.9,10.75,BUENOS AIRES OBSERVATORIO
223,Aug-22,14.1,7.4,10.75,AEROPARQUE AERO
1681,Aug-22,18.7,3.2,10.95,NUEVE DE JULIO
1317,Aug-22,16.8,2.0,9.4,MORON AERO
952,Aug-22,17.0,-2.1,7.45,EL PALOMAR AERO
587,Aug-22,17.8,4.3,11.05,BUENOS AIRES OBSERVATORIO
222,Aug-22,17.1,5.8,11.45,AEROPARQUE AERO
1680,Aug-22,16.5,4.8,10.65,NUEVE DE JULIO
1316,Aug-22,17.2,3.7,10.45,MORON AERO
951,Aug-22,17.5,0.0,8.75,EL PALOMAR AERO
586,Aug-22,17.0,6.6,11.8,BUENOS AIRES OBSERVATORIO
221,Aug-22,15.6,7.5,11.55,AEROPARQUE AERO
1679,Aug-22,14.3,5.8,10.05,NUEVE DE JULIO
1315,Aug-22,15.0,8.4,11.7,MORON AERO
950,Aug-22,15.0,8.0,11.5,EL PALOMAR AERO
585,Aug-22,15.1,8.7,11.9,BUENOS AIRES OBSERVATORIO
220,Aug-22,13.7,8.8,11.25,AEROPARQUE AERO
1678,Aug-22,11.9,2.6,7.25,NUEVE DE JULIO
1314,Aug-22,14.2,5.1,9.65,MORON AERO
949,Aug-22,14.0,5.4,9.7,EL PALOMAR AERO
584,Aug-22,14.4,5.7,10.05,BUENOS AIRES OBSERVATORIO
219,Aug-22,14.5,7.4,10.95,AEROPARQUE AERO
1677,Aug-22,14.8,1.9,8.35,NUEVE DE JULIO
1313,Aug-22,13.6,7.5,10.55,MORON AERO
948,Aug-22,14.4,8.0,11.2,EL PALOMAR AERO
583,Aug-22,14.9,9.4,12.15,BUENOS AIRES OBSERVATORIO
218,Aug-22,13.6,9.9,11.75,AEROPARQUE AERO
1676,Aug-22,16.8,2.8,9.8,NUEVE DE JULIO
1312,Aug-22,15.5,5.4,10.45,MORON AERO
947,Aug-22,15.1,0.5,7.8,EL PALOMAR AERO
582,Aug-22,14.8,9.0,11.9,BUENOS AIRES OBSERVATORIO
217,Aug-22,13.5,9.0,11.25,AEROPARQUE AERO
1675,Aug-22,20.2,2.7,11.45,NUEVE DE JULIO
1311,Aug-22,18.4,6.0,12.2,MORON AERO
946,Aug-22,19.0,6.5,12.75,EL PALOMAR AERO
581,Aug-22,18.5,9.2,13.85,BUENOS AIRES OBSERVATORIO
216,Aug-22,16.6,9.8,13.2,AEROPARQUE AERO
1674,Aug-22,21.3,5.3,13.3,NUEVE DE JULIO
1310,Aug-22,20.0,8.4,14.2,MORON AERO
945,Aug-22,20.0,8.5,14.25,EL PALOMAR AERO
580,Aug-22,19.2,10.6,14.9,BUENOS AIRES OBSERVATORIO
215,Aug-22,17.1,10.4,13.75,AEROPARQUE AERO
1673,Aug-22,25.4,7.3,16.349999999999998,NUEVE DE JULIO
1309,Aug-22,24.5,8.5,16.5,MORON AERO
944,Aug-22,23.5,5.5,14.5,EL PALOMAR AERO
579,Aug-22,22.5,11.0,16.75,BUENOS AIRES OBSERVATORIO
214,Aug-22,20.0,12.1,16.05,AEROPARQUE AERO
1672,Aug-22,25.5,9.4,17.45,NUEVE DE JULIO
1308,Aug-22,24.6,14.1,19.35,MORON AERO
943,Aug-22,24.0,13.5,18.75,EL PALOMAR AERO
578,Aug-22,23.4,14.8,19.1,BUENOS AIRES OBSERVATORIO
213,Aug-22,20.7,14.1,17.4,AEROPARQUE AERO
1671,Aug-22,18.5,8.8,13.65,NUEVE DE JULIO
1307,Aug-22,21.6,9.8,15.7,MORON AERO
942,Aug-22,20.5,8.8,14.65,EL PALOMAR AERO
577,Aug-22,21.1,11.1,16.1,BUENOS AIRES OBSERVATORIO
212,Aug-22,19.3,12.3,15.8,AEROPARQUE AERO
1670,Aug-22,17.0,4.4,10.7,NUEVE DE JULIO
1306,Aug-22,20.2,6.3,13.25,MORON AERO
941,Aug-22,20.4,5.6,13.0,EL PALOMAR AERO
576,Aug-22,20.7,8.2,14.45,BUENOS AIRES OBSERVATORIO
211,Aug-22,20.4,7.5,13.95,AEROPARQUE AERO
1669,Aug-22,14.0,7.0,10.5,NUEVE DE JULIO
1305,Aug-22,14.6,8.7,11.65,MORON AERO
940,Aug-22,14.0,9.0,11.5,EL PALOMAR AERO
575,Aug-22,15.7,9.8,12.75,BUENOS AIRES OBSERVATORIO
210,Aug-22,15.0,9.2,12.1,AEROPARQUE AERO
1668,Aug-22,13.1,1.6,7.35,NUEVE DE JULIO
1304,Aug-22,12.4,0.5,6.45,MORON AERO
939,Aug-22,13.0,2.5,7.75,EL PALOMAR AERO
574,Aug-22,14.1,3.5,8.8,BUENOS AIRES OBSERVATORIO
209,Aug-22,13.1,4.3,8.7,AEROPARQUE AERO
1667,Aug-22,20.2,1.8,11.0,NUEVE DE JULIO
1303,Aug-22,18.1,2.0,10.05,MORON AERO
938,Aug-22,18.3,-4.5,6.9,EL PALOMAR AERO
573,Aug-22,18.8,4.1,11.45,BUENOS AIRES OBSERVATORIO
208,Aug-22,18.1,6.2,12.15,AEROPARQUE AERO
1666,Aug-22,20.3,3.5,11.9,NUEVE DE JULIO
1302,Aug-22,19.5,4.9,12.2,MORON AERO
937,Aug-22,19.5,4.9,12.2,EL PALOMAR AERO
572,Aug-22,19.2,7.8,13.5,BUENOS AIRES OBSERVATORIO
207,Aug-22,16.8,6.1,11.45,AEROPARQUE AERO
1665,Aug-22,18.4,3.3,10.85,NUEVE DE JULIO
1301,Aug-22,19.4,2.8,11.1,MORON AERO
936,Aug-22,19.5,-0.4,9.55,EL PALOMAR AERO
571,Aug-22,19.7,6.3,13.0,BUENOS AIRES OBSERVATORIO
206,Aug-22,16.1,7.4,11.75,AEROPARQUE AERO
1664,Aug-22,18.4,5.3,11.85,NUEVE DE JULIO
1300,Aug-22,16.6,9.0,12.8,MORON AERO
935,Aug-22,16.6,4.2,10.4,EL PALOMAR AERO
570,Aug-22,16.4,8.5,12.45,BUENOS AIRES OBSERVATORIO
205,Aug-22,13.2,9.3,11.25,AEROPARQUE AERO
1663,Aug-22,21.4,2.3,11.85,NUEVE DE JULIO
1299,Aug-22,21.4,8.4,14.9,MORON AERO
934,Aug-22,21.6,8.0,14.8,EL PALOMAR AERO
569,Aug-22,20.0,10.6,15.3,BUENOS AIRES OBSERVATORIO
204,Aug-22,17.4,10.6,14.0,AEROPARQUE AERO
1662,Aug-22,26.2,6.0,16.1,NUEVE DE JULIO
1298,Aug-22,26.0,7.4,16.7,MORON AERO
933,Aug-22,26.0,4.8,15.4,EL PALOMAR AERO
568,Aug-22,25.5,10.2,17.85,BUENOS AIRES OBSERVATORIO
203,Aug-22,20.6,11.8,16.200000000000003,AEROPARQUE AERO
1661,Aug-22,27.3,12.1,19.7,NUEVE DE JULIO
1297,Aug-22,26.8,13.1,19.95,MORON AERO
932,Aug-22,27.0,11.0,19.0,EL PALOMAR AERO
567,Aug-22,26.7,15.1,20.9,BUENOS AIRES OBSERVATORIO
202,Aug-22,20.8,13.8,17.3,AEROPARQUE AERO
1660,Aug-22,26.6,8.7,17.65,NUEVE DE JULIO
1296,Aug-22,25.0,11.5,18.25,MORON AERO
931,Aug-22,24.6,8.5,16.55,EL PALOMAR AERO
566,Aug-22,24.3,14.2,19.25,BUENOS AIRES OBSERVATORIO
201,Aug-22,20.2,14.2,17.2,AEROPARQUE AERO
1659,Aug-22,21.8,8.9,15.35,NUEVE DE JULIO
1295,Aug-22,20.6,10.3,15.45,MORON AERO
930,Aug-22,20.0,10.4,15.2,EL PALOMAR AERO
565,Aug-22,20.4,10.8,15.6,BUENOS AIRES OBSERVATORIO
200,Aug-22,19.9,10.8,15.35,AEROPARQUE AERO
1658,Aug-22,14.7,0.3,7.5,NUEVE DE JULIO
1294,Aug-22,13.8,0.1,6.95,MORON AERO
929,Aug-22,13.5,1.9,7.7,EL PALOMAR AERO
564,Aug-22,14.3,4.0,9.15,BUENOS AIRES OBSERVATORIO
199,Aug-22,13.6,4.8,9.2,AEROPARQUE AERO
1657,Aug-22,19.1,0.6,9.85,NUEVE DE JULIO
1293,Aug-22,16.4,2.6,9.5,MORON AERO
928,Aug-22,16.5,-2.3,7.1,EL PALOMAR AERO
563,Aug-22,15.5,4.7,10.1,BUENOS AIRES OBSERVATORIO
198,Aug-22,14.1,6.0,10.05,AEROPARQUE AERO
1656,Aug-22,21.0,1.8,11.4,NUEVE DE JULIO
1292,Aug-22,19.0,6.8,12.9,MORON AERO
927,Aug-22,18.8,6.0,12.4,EL PALOMAR AERO
562,Aug-22,17.9,10.1,14.0,BUENOS AIRES OBSERVATORIO
197,Aug-22,16.3,9.8,13.05,AEROPARQUE AERO
1655,Aug-22,22.9,7.3,15.1,NUEVE DE JULIO
1291,Aug-22,21.5,12.3,16.9,MORON AERO
926,Aug-22,21.0,12.5,16.75,EL PALOMAR AERO
561,Aug-22,20.7,13.0,16.85,BUENOS AIRES OBSERVATORIO
196,Aug-22,17.9,13.0,15.45,AEROPARQUE AERO
1654,Sep-22,24.2,14.2,19.2,NUEVE DE JULIO
1290,Sep-22,17.8,14.1,15.95,MORON AERO
925,Sep-22,17.2,12.8,15.0,EL PALOMAR AERO
560,Sep-22,17.7,14.9,16.3,BUENOS AIRES OBSERVATORIO
195,Sep-22,17.7,14.3,16.0,AEROPARQUE AERO
1653,Sep-22,17.1,2.9,10.0,NUEVE DE JULIO
1289,Sep-22,17.2,4.9,11.05,MORON AERO
924,Sep-22,17.5,6.0,11.75,EL PALOMAR AERO
559,Sep-22,18.0,7.6,12.8,BUENOS AIRES OBSERVATORIO
194,Sep-22,17.6,7.4,12.5,AEROPARQUE AERO
1652,Sep-22,22.1,3.4,12.75,NUEVE DE JULIO
1288,Sep-22,20.0,1.6,10.8,MORON AERO
923,Sep-22,20.0,-1.1,9.45,EL PALOMAR AERO
558,Sep-22,19.7,5.0,12.35,BUENOS AIRES OBSERVATORIO
193,Sep-22,16.6,7.3,11.95,AEROPARQUE AERO
1651,Sep-22,25.2,5.3,15.25,NUEVE DE JULIO
1287,Sep-22,22.0,8.2,15.1,MORON AERO
922,Sep-22,22.4,7.0,14.7,EL PALOMAR AERO
557,Sep-22,22.5,9.9,16.2,BUENOS AIRES OBSERVATORIO
192,Sep-22,19.7,9.4,14.55,AEROPARQUE AERO
1650,Sep-22,25.5,5.6,15.55,NUEVE DE JULIO
1286,Sep-22,24.0,9.0,16.5,MORON AERO
921,Sep-22,23.5,1.8,12.65,EL PALOMAR AERO
556,Sep-22,23.5,9.4,16.45,BUENOS AIRES OBSERVATORIO
191,Sep-22,18.8,10.3,14.55,AEROPARQUE AERO
1649,Sep-22,25.0,5.5,15.25,NUEVE DE JULIO
1285,Sep-22,22.5,5.8,14.15,MORON AERO
920,Sep-22,22.2,1.7,11.95,EL PALOMAR AERO
555,Sep-22,21.6,11.3,16.450000000000003,BUENOS AIRES OBSERVATORIO
190,Sep-22,19.1,13.1,16.1,AEROPARQUE AERO
1648,Sep-22,28.8,8.3,18.55,NUEVE DE JULIO
1284,Sep-22,25.4,12.2,18.8,MORON AERO
919,Sep-22,25.5,12.0,18.75,EL PALOMAR AERO
554,Sep-22,24.1,14.3,19.200000000000003,BUENOS AIRES OBSERVATORIO
189,Sep-22,21.6,14.2,17.9,AEROPARQUE AERO
1647,Sep-22,19.2,8.8,14.0,NUEVE DE JULIO
1283,Sep-22,24.2,11.9,18.05,MORON AERO
918,Sep-22,25.0,12.0,18.5,EL PALOMAR AERO
553,Sep-22,24.2,12.2,18.2,BUENOS AIRES OBSERVATORIO
188,Sep-22,21.5,12.0,16.75,AEROPARQUE AERO
1646,Sep-22,15.3,2.8,9.05,NUEVE DE JULIO
1282,Sep-22,12.6,6.3,9.45,MORON AERO
917,Sep-22,13.9,6.9,10.4,EL PALOMAR AERO
552,Sep-22,14.0,7.5,10.75,BUENOS AIRES OBSERVATORIO
187,Sep-22,14.4,7.4,10.9,AEROPARQUE AERO
1645,Sep-22,21.2,1.0,11.1,NUEVE DE JULIO
1281,Sep-22,19.0,2.1,10.55,MORON AERO
916,Sep-22,19.0,-1.8,8.6,EL PALOMAR AERO
551,Sep-22,19.7,4.0,11.85,BUENOS AIRES OBSERVATORIO
186,Sep-22,19.0,5.4,12.2,AEROPARQUE AERO
1644,Sep-22,18.5,3.5,11.0,NUEVE DE JULIO
1280,Sep-22,19.4,4.9,12.15,MORON AERO
915,Sep-22,18.5,0.2,9.35,EL PALOMAR AERO
550,Sep-22,18.5,6.9,12.7,BUENOS AIRES OBSERVATORIO
185,Sep-22,17.2,8.6,12.9,AEROPARQUE AERO
1643,Sep-22,22.1,3.8,12.95,NUEVE DE JULIO
1279,Sep-22,21.0,6.7,13.85,MORON AERO
914,Sep-22,20.0,3.2,11.6,EL PALOMAR AERO
549,Sep-22,19.3,7.6,13.45,BUENOS AIRES OBSERVATORIO
184,Sep-22,16.6,11.2,13.9,AEROPARQUE AERO
1642,Sep-22,24.3,5.6,14.95,NUEVE DE JULIO
1278,Sep-22,20.6,5.5,13.05,MORON AERO
913,Sep-22,21.0,2.3,11.65,EL PALOMAR AERO
548,Sep-22,20.2,8.4,14.3,BUENOS AIRES OBSERVATORIO
183,Sep-22,16.4,10.8,13.6,AEROPARQUE AERO
1641,Sep-22,25.5,6.8,16.15,NUEVE DE JULIO
1277,Sep-22,21.6,6.5,14.05,MORON AERO
912,Sep-22,21.0,3.5,12.25,EL PALOMAR AERO
547,Sep-22,20.5,9.7,15.1,BUENOS AIRES OBSERVATORIO
182,Sep-22,17.7,11.6,14.65,AEROPARQUE AERO
1640,Sep-22,25.2,6.9,16.05,NUEVE DE JULIO
1276,Sep-22,22.0,9.7,15.85,MORON AERO
911,Sep-22,22.0,3.7,12.85,EL PALOMAR AERO
546,Sep-22,21.3,11.8,16.55,BUENOS AIRES OBSERVATORIO
181,Sep-22,19.6,12.8,16.200000000000003,AEROPARQUE AERO
1639,Sep-22,26.0,9.6,17.8,NUEVE DE JULIO
1275,Sep-22,23.2,13.4,18.3,MORON AERO
910,Sep-22,23.2,13.3,18.25,EL PALOMAR AERO
545,Sep-22,23.2,14.1,18.65,BUENOS AIRES OBSERVATORIO
180,Sep-22,21.6,14.0,17.8,AEROPARQUE AERO
1638,Sep-22,27.0,13.6,20.3,NUEVE DE JULIO
1274,Sep-22,25.1,14.9,20.0,MORON AERO
909,Sep-22,24.6,15.0,19.8,EL PALOMAR AERO
544,Sep-22,24.6,15.6,20.1,BUENOS AIRES OBSERVATORIO
179,Sep-22,22.7,14.9,18.8,AEROPARQUE AERO
1637,Sep-22,24.5,14.4,19.45,NUEVE DE JULIO
1273,Sep-22,23.6,16.1,19.85,MORON AERO
908,Sep-22,22.0,14.5,18.25,EL PALOMAR AERO
543,Sep-22,21.8,16.0,18.9,BUENOS AIRES OBSERVATORIO
178,Sep-22,19.9,15.3,17.6,AEROPARQUE AERO
1636,Sep-22,17.5,9.4,13.45,NUEVE DE JULIO
1272,Sep-22,22.0,13.9,17.95,MORON AERO
907,Sep-22,22.5,11.5,17.0,EL PALOMAR AERO
542,Sep-22,23.5,15.0,19.25,BUENOS AIRES OBSERVATORIO
177,Sep-22,22.6,15.6,19.1,AEROPARQUE AERO
1635,Sep-22,18.0,4.3,11.15,NUEVE DE JULIO
1271,Sep-22,18.4,7.4,12.9,MORON AERO
906,Sep-22,18.0,6.8,12.4,EL PALOMAR AERO
541,Sep-22,17.9,8.4,13.15,BUENOS AIRES OBSERVATORIO
176,Sep-22,18.6,8.8,13.7,AEROPARQUE AERO
1634,Sep-22,17.6,10.4,14.0,NUEVE DE JULIO
1270,Sep-22,18.0,9.1,13.55,MORON AERO
905,Sep-22,18.5,10.5,14.5,EL PALOMAR AERO
540,Sep-22,18.2,11.9,15.05,BUENOS AIRES OBSERVATORIO
175,Sep-22,17.1,12.0,14.55,AEROPARQUE AERO
1633,Sep-22,18.7,5.9,12.3,NUEVE DE JULIO
1269,Sep-22,17.8,9.8,13.8,MORON AERO
904,Sep-22,17.7,8.0,12.85,EL PALOMAR AERO
539,Sep-22,19.5,10.5,15.0,BUENOS AIRES OBSERVATORIO
174,Sep-22,19.1,10.3,14.7,AEROPARQUE AERO
1632,Sep-22,20.4,2.7,11.55,NUEVE DE JULIO
1268,Sep-22,20.2,3.9,12.05,MORON AERO
903,Sep-22,20.5,1.5,11.0,EL PALOMAR AERO
538,Sep-22,20.4,6.0,13.2,BUENOS AIRES OBSERVATORIO
173,Sep-22,18.1,8.4,13.25,AEROPARQUE AERO
1631,Sep-22,25.4,8.6,17.0,NUEVE DE JULIO
1267,Sep-22,22.7,7.9,15.3,MORON AERO
902,Sep-22,22.5,6.5,14.5,EL PALOMAR AERO
537,Sep-22,22.4,12.2,17.299999999999997,BUENOS AIRES OBSERVATORIO
172,Sep-22,20.8,11.8,16.3,AEROPARQUE AERO
1630,Sep-22,22.8,8.2,15.5,NUEVE DE JULIO
1266,Sep-22,21.0,12.4,16.7,MORON AERO
901,Sep-22,21.0,7.2,14.1,EL PALOMAR AERO
536,Sep-22,22.6,13.5,18.05,BUENOS AIRES OBSERVATORIO
171,Sep-22,20.2,13.3,16.75,AEROPARQUE AERO
1629,Sep-22,25.1,9.1,17.1,NUEVE DE JULIO
1265,Sep-22,24.6,9.5,17.05,MORON AERO
900,Sep-22,24.5,8.5,16.5,EL PALOMAR AERO
535,Sep-22,24.5,13.3,18.9,BUENOS AIRES OBSERVATORIO
170,Sep-22,21.0,14.6,17.8,AEROPARQUE AERO
1628,Sep-22,26.2,9.7,17.95,NUEVE DE JULIO
1264,Sep-22,26.4,10.9,18.65,MORON AERO
899,Sep-22,27.2,5.3,16.25,EL PALOMAR AERO
534,Sep-22,27.8,12.4,20.1,BUENOS AIRES OBSERVATORIO
169,Sep-22,23.1,13.7,18.4,AEROPARQUE AERO
1627,Sep-22,20.6,4.7,12.65,NUEVE DE JULIO
1263,Sep-22,19.6,7.9,13.75,MORON AERO
898,Sep-22,18.5,6.5,12.5,EL PALOMAR AERO
533,Sep-22,18.5,9.8,14.15,BUENOS AIRES OBSERVATORIO
168,Sep-22,17.1,11.3,14.2,AEROPARQUE AERO
1626,Sep-22,21.4,5.1,13.25,NUEVE DE JULIO
1262,Sep-22,18.6,10.8,14.7,MORON AERO
897,Sep-22,18.5,10.4,14.45,EL PALOMAR AERO
532,Sep-22,18.1,11.5,14.8,BUENOS AIRES OBSERVATORIO
167,Sep-22,17.5,11.0,14.25,AEROPARQUE AERO
1625,Sep-22,23.7,7.2,15.45,NUEVE DE JULIO
1261,Sep-22,20.5,10.7,15.6,MORON AERO
896,Sep-22,21.0,6.5,13.75,EL PALOMAR AERO
531,Sep-22,20.6,12.0,16.3,BUENOS AIRES OBSERVATORIO
166,Sep-22,18.6,12.4,15.5,AEROPARQUE AERO
1624,Oct-22,26.8,8.3,17.55,NUEVE DE JULIO
1260,Oct-22,25.0,8.4,16.7,MORON AERO
895,Oct-22,25.0,5.0,15.0,EL PALOMAR AERO
530,Oct-22,23.6,10.9,17.25,BUENOS AIRES OBSERVATORIO
165,Oct-22,20.6,12.9,16.75,AEROPARQUE AERO
1623,Oct-22,28.7,10.9,19.8,NUEVE DE JULIO
1259,Oct-22,27.4,11.1,19.25,MORON AERO
894,Oct-22,27.9,6.0,16.95,EL PALOMAR AERO
529,Oct-22,27.9,12.5,20.2,BUENOS AIRES OBSERVATORIO
164,Oct-22,22.1,13.2,17.65,AEROPARQUE AERO
1622,Oct-22,25.0,6.8,15.9,NUEVE DE JULIO
1258,Oct-22,19.5,9.9,14.7,MORON AERO
893,Oct-22,19.5,10.5,15.0,EL PALOMAR AERO
528,Oct-22,18.8,11.4,15.1,BUENOS AIRES OBSERVATORIO
163,Oct-22,17.2,11.0,14.1,AEROPARQUE AERO
1621,Oct-22,24.8,7.5,16.15,NUEVE DE JULIO
1257,Oct-22,20.6,11.0,15.8,MORON AERO
892,Oct-22,21.0,11.0,16.0,EL PALOMAR AERO
527,Oct-22,20.4,11.5,15.95,BUENOS AIRES OBSERVATORIO
162,Oct-22,19.2,11.3,15.25,AEROPARQUE AERO
1620,Oct-22,18.6,11.3,14.95,NUEVE DE JULIO
1256,Oct-22,22.5,13.9,18.2,MORON AERO
891,Oct-22,23.3,13.8,18.55,EL PALOMAR AERO
526,Oct-22,23.5,14.4,18.95,BUENOS AIRES OBSERVATORIO
161,Oct-22,21.2,13.8,17.5,AEROPARQUE AERO
1619,Oct-22,25.6,11.5,18.55,NUEVE DE JULIO
1255,Oct-22,22.0,13.5,17.75,MORON AERO
890,Oct-22,22.0,12.0,17.0,EL PALOMAR AERO
525,Oct-22,22.5,14.4,18.45,BUENOS AIRES OBSERVATORIO
160,Oct-22,23.1,14.3,18.700000000000003,AEROPARQUE AERO
1618,Oct-22,29.0,8.1,18.55,NUEVE DE JULIO
1254,Oct-22,29.2,8.3,18.75,MORON AERO
889,Oct-22,28.5,6.0,17.25,EL PALOMAR AERO
524,Oct-22,29.0,10.2,19.6,BUENOS AIRES OBSERVATORIO
159,Oct-22,28.6,12.5,20.55,AEROPARQUE AERO
1617,Oct-22,22.4,8.9,15.65,NUEVE DE JULIO
1253,Oct-22,22.8,8.1,15.45,MORON AERO
888,Oct-22,22.1,8.5,15.3,EL PALOMAR AERO
523,Oct-22,23.0,9.4,16.2,BUENOS AIRES OBSERVATORIO
158,Oct-22,22.6,9.3,15.95,AEROPARQUE AERO
1616,Oct-22,22.2,2.8,12.5,NUEVE DE JULIO
1252,Oct-22,20.2,4.0,12.1,MORON AERO
887,Oct-22,21.0,2.0,11.5,EL PALOMAR AERO
522,Oct-22,21.8,5.9,13.85,BUENOS AIRES OBSERVATORIO
157,Oct-22,21.1,6.3,13.7,AEROPARQUE AERO
1615,Oct-22,24.8,6.5,15.65,NUEVE DE JULIO
1251,Oct-22,22.4,7.0,14.7,MORON AERO
886,Oct-22,21.6,0.4,11.0,EL PALOMAR AERO
521,Oct-22,21.3,8.8,15.05,BUENOS AIRES OBSERVATORIO
156,Oct-22,19.4,10.3,14.85,AEROPARQUE AERO
1614,Oct-22,25.0,6.5,15.75,NUEVE DE JULIO
1250,Oct-22,22.6,10.5,16.55,MORON AERO
885,Oct-22,22.0,9.8,15.9,EL PALOMAR AERO
520,Oct-22,21.3,12.2,16.75,BUENOS AIRES OBSERVATORIO
155,Oct-22,18.6,12.8,15.7,AEROPARQUE AERO
1613,Oct-22,27.6,8.7,18.15,NUEVE DE JULIO
1249,Oct-22,29.7,10.5,20.1,MORON AERO
884,Oct-22,29.7,5.0,17.35,EL PALOMAR AERO
519,Oct-22,29.5,12.1,20.8,BUENOS AIRES OBSERVATORIO
154,Oct-22,29.1,11.4,20.25,AEROPARQUE AERO
1612,Oct-22,18.9,7.2,13.05,NUEVE DE JULIO
1248,Oct-22,22.8,10.4,16.6,MORON AERO
883,Oct-22,24.7,11.0,17.85,EL PALOMAR AERO
518,Oct-22,24.4,12.0,18.2,BUENOS AIRES OBSERVATORIO
153,Oct-22,24.6,11.3,17.950000000000003,AEROPARQUE AERO
1611,Oct-22,20.0,4.5,12.25,NUEVE DE JULIO
1247,Oct-22,17.0,9.3,13.15,MORON AERO
882,Oct-22,17.0,9.0,13.0,EL PALOMAR AERO
517,Oct-22,17.2,10.7,13.95,BUENOS AIRES OBSERVATORIO
152,Oct-22,16.4,11.1,13.75,AEROPARQUE AERO
1610,Oct-22,20.8,6.2,13.5,NUEVE DE JULIO
1246,Oct-22,15.2,9.7,12.45,MORON AERO
881,Oct-22,15.2,12.6,13.9,EL PALOMAR AERO
516,Oct-22,15.8,13.0,14.4,BUENOS AIRES OBSERVATORIO
151,Oct-22,15.6,12.3,13.95,AEROPARQUE AERO
1609,Oct-22,23.7,6.8,15.25,NUEVE DE JULIO
1245,Oct-22,20.0,7.9,13.95,MORON AERO
880,Oct-22,20.0,8.0,14.0,EL PALOMAR AERO
515,Oct-22,20.0,11.2,15.6,BUENOS AIRES OBSERVATORIO
150,Oct-22,18.8,12.4,15.6,AEROPARQUE AERO
1608,Oct-22,23.5,9.5,16.5,NUEVE DE JULIO
1244,Oct-22,20.8,10.9,15.85,MORON AERO
879,Oct-22,20.6,10.3,15.45,EL PALOMAR AERO
514,Oct-22,20.3,12.6,16.45,BUENOS AIRES OBSERVATORIO
149,Oct-22,19.3,14.1,16.7,AEROPARQUE AERO
1607,Oct-22,22.0,10.1,16.05,NUEVE DE JULIO
1243,Oct-22,23.1,12.9,18.0,MORON AERO
878,Oct-22,23.0,14.5,18.75,EL PALOMAR AERO
513,Oct-22,23.0,15.0,19.0,BUENOS AIRES OBSERVATORIO
148,Oct-22,21.1,14.8,17.950000000000003,AEROPARQUE AERO
1606,Oct-22,25.5,10.8,18.15,NUEVE DE JULIO
1242,Oct-22,24.2,16.8,20.5,MORON AERO
877,Oct-22,23.9,17.3,20.6,EL PALOMAR AERO
512,Oct-22,22.8,17.3,20.05,BUENOS AIRES OBSERVATORIO
147,Oct-22,21.1,16.4,18.75,AEROPARQUE AERO
1605,Oct-22,27.7,15.3,21.5,NUEVE DE JULIO
1241,Oct-22,26.6,17.2,21.9,MORON AERO
876,Oct-22,26.0,17.0,21.5,EL PALOMAR AERO
511,Oct-22,25.4,18.7,22.05,BUENOS AIRES OBSERVATORIO
146,Oct-22,21.5,17.3,19.4,AEROPARQUE AERO
1604,Oct-22,25.1,10.8,17.950000000000003,NUEVE DE JULIO
1240,Oct-22,25.9,13.4,19.65,MORON AERO
875,Oct-22,25.4,12.0,18.7,EL PALOMAR AERO
510,Oct-22,24.6,16.0,20.3,BUENOS AIRES OBSERVATORIO
145,Oct-22,21.7,16.3,19.0,AEROPARQUE AERO
1603,Oct-22,17.0,7.3,12.15,NUEVE DE JULIO
1239,Oct-22,17.8,10.3,14.05,MORON AERO
874,Oct-22,17.4,10.4,13.9,EL PALOMAR AERO
509,Oct-22,16.7,10.6,13.65,BUENOS AIRES OBSERVATORIO
144,Oct-22,17.1,10.8,13.95,AEROPARQUE AERO
1602,Oct-22,22.9,4.9,13.9,NUEVE DE JULIO
1238,Oct-22,20.9,6.9,13.9,MORON AERO
873,Oct-22,19.8,5.0,12.4,EL PALOMAR AERO
508,Oct-22,19.6,9.4,14.5,BUENOS AIRES OBSERVATORIO
143,Oct-22,18.8,10.8,14.8,AEROPARQUE AERO
1601,Oct-22,29.4,11.0,20.2,NUEVE DE JULIO
1237,Oct-22,25.4,13.0,19.2,MORON AERO
872,Oct-22,25.5,13.5,19.5,EL PALOMAR AERO
507,Oct-22,24.8,15.1,19.95,BUENOS AIRES OBSERVATORIO
142,Oct-22,24.1,15.3,19.700000000000003,AEROPARQUE AERO
1236,Oct-22,27.5,17.4,22.45,MORON AERO
871,Oct-22,27.5,14.0,20.75,EL PALOMAR AERO
506,Oct-22,27.5,17.5,22.5,BUENOS AIRES OBSERVATORIO
141,Oct-22,25.6,17.5,21.55,AEROPARQUE AERO
1600,Oct-22,24.2,14.5,19.35,NUEVE DE JULIO
1235,Oct-22,23.0,17.5,20.25,MORON AERO
870,Oct-22,23.5,17.4,20.45,EL PALOMAR AERO
505,Oct-22,24.0,17.6,20.8,BUENOS AIRES OBSERVATORIO
140,Oct-22,24.7,17.1,20.9,AEROPARQUE AERO
1599,Oct-22,27.6,11.1,19.35,NUEVE DE JULIO
1234,Oct-22,28.0,13.3,20.65,MORON AERO
869,Oct-22,28.0,14.5,21.25,EL PALOMAR AERO
504,Oct-22,28.2,15.1,21.65,BUENOS AIRES OBSERVATORIO
139,Oct-22,28.6,15.3,21.950000000000003,AEROPARQUE AERO
1598,Oct-22,28.8,14.7,21.75,NUEVE DE JULIO
1233,Oct-22,33.6,15.3,24.450000000000003,MORON AERO
868,Oct-22,34.0,9.0,21.5,EL PALOMAR AERO
503,Oct-22,34.8,18.4,26.6,BUENOS AIRES OBSERVATORIO
138,Oct-22,34.6,17.2,25.9,AEROPARQUE AERO
1597,Oct-22,26.1,11.6,18.85,NUEVE DE JULIO
1232,Oct-22,30.8,17.4,24.1,MORON AERO
867,Oct-22,30.2,13.6,21.9,EL PALOMAR AERO
502,Oct-22,31.0,19.0,25.0,BUENOS AIRES OBSERVATORIO
137,Oct-22,30.1,19.1,24.6,AEROPARQUE AERO
1596,Oct-22,19.8,10.9,15.35,NUEVE DE JULIO
1231,Oct-22,22.8,11.4,17.1,MORON AERO
866,Oct-22,22.5,10.0,16.25,EL PALOMAR AERO
501,Oct-22,22.6,11.4,17.0,BUENOS AIRES OBSERVATORIO
136,Oct-22,22.2,11.4,16.8,AEROPARQUE AERO
1595,Oct-22,19.0,5.3,12.15,NUEVE DE JULIO
1230,Oct-22,17.0,5.4,11.2,MORON AERO
865,Oct-22,17.0,6.4,11.7,EL PALOMAR AERO
500,Oct-22,17.8,7.7,12.75,BUENOS AIRES OBSERVATORIO
135,Oct-22,17.0,7.8,12.4,AEROPARQUE AERO
1594,Nov-22,25.0,4.9,14.95,NUEVE DE JULIO
1229,Nov-22,24.0,4.5,14.25,MORON AERO
864,Nov-22,24.0,1.4,12.7,EL PALOMAR AERO
499,Nov-22,22.5,6.6,14.55,BUENOS AIRES OBSERVATORIO
134,Nov-22,19.9,9.3,14.6,AEROPARQUE AERO
1593,Nov-22,28.0,9.3,18.65,NUEVE DE JULIO
1228,Nov-22,27.6,10.9,19.25,MORON AERO
863,Nov-22,27.0,6.0,16.5,EL PALOMAR AERO
498,Nov-22,26.4,12.8,19.6,BUENOS AIRES OBSERVATORIO
133,Nov-22,24.7,11.8,18.25,AEROPARQUE AERO
1592,Nov-22,29.5,11.2,20.35,NUEVE DE JULIO
1227,Nov-22,28.4,11.5,19.95,MORON AERO
862,Nov-22,27.2,6.4,16.8,EL PALOMAR AERO
497,Nov-22,26.7,12.4,19.55,BUENOS AIRES OBSERVATORIO
132,Nov-22,23.7,16.2,19.95,AEROPARQUE AERO
1591,Nov-22,29.2,10.2,19.7,NUEVE DE JULIO
1226,Nov-22,24.4,15.4,19.9,MORON AERO
861,Nov-22,24.0,15.3,19.65,EL PALOMAR AERO
496,Nov-22,23.8,15.6,19.7,BUENOS AIRES OBSERVATORIO
131,Nov-22,22.8,14.8,18.8,AEROPARQUE AERO
1590,Nov-22,27.5,11.9,19.7,NUEVE DE JULIO
1225,Nov-22,24.4,15.4,19.9,MORON AERO
860,Nov-22,24.5,15.5,20.0,EL PALOMAR AERO
495,Nov-22,24.5,16.0,20.25,BUENOS AIRES OBSERVATORIO
130,Nov-22,23.1,15.8,19.450000000000003,AEROPARQUE AERO
1589,Nov-22,29.0,12.6,20.8,NUEVE DE JULIO
1224,Nov-22,25.4,15.3,20.35,MORON AERO
859,Nov-22,25.5,16.4,20.95,EL PALOMAR AERO
494,Nov-22,25.4,16.5,20.95,BUENOS AIRES OBSERVATORIO
129,Nov-22,23.6,16.0,19.8,AEROPARQUE AERO
1588,Nov-22,29.5,13.1,21.3,NUEVE DE JULIO
1223,Nov-22,26.0,16.9,21.45,MORON AERO
858,Nov-22,26.0,16.5,21.25,EL PALOMAR AERO
493,Nov-22,25.7,17.5,21.6,BUENOS AIRES OBSERVATORIO
128,Nov-22,24.4,16.0,20.2,AEROPARQUE AERO
1587,Nov-22,29.4,12.7,21.05,NUEVE DE JULIO
1222,Nov-22,25.6,15.5,20.55,MORON AERO
857,Nov-22,25.8,14.5,20.15,EL PALOMAR AERO
492,Nov-22,25.8,16.0,20.9,BUENOS AIRES OBSERVATORIO
127,Nov-22,24.5,15.8,20.15,AEROPARQUE AERO
1586,Nov-22,30.0,13.2,21.6,NUEVE DE JULIO
1221,Nov-22,26.8,16.7,21.75,MORON AERO
856,Nov-22,26.5,15.8,21.15,EL PALOMAR AERO
491,Nov-22,26.0,17.0,21.5,BUENOS AIRES OBSERVATORIO
126,Nov-22,24.1,16.6,20.35,AEROPARQUE AERO
1585,Nov-22,27.0,14.9,20.95,NUEVE DE JULIO
1220,Nov-22,27.2,17.8,22.5,MORON AERO
855,Nov-22,27.5,17.5,22.5,EL PALOMAR AERO
490,Nov-22,27.6,17.5,22.55,BUENOS AIRES OBSERVATORIO
125,Nov-22,25.6,17.3,21.450000000000003,AEROPARQUE AERO
1584,Nov-22,28.1,14.8,21.450000000000003,NUEVE DE JULIO
1219,Nov-22,30.5,15.5,23.0,MORON AERO
854,Nov-22,30.1,13.6,21.85,EL PALOMAR AERO
489,Nov-22,29.8,18.0,23.9,BUENOS AIRES OBSERVATORIO
124,Nov-22,27.6,18.8,23.200000000000003,AEROPARQUE AERO
1583,Nov-22,25.7,15.3,20.5,NUEVE DE JULIO
1218,Nov-22,27.0,20.5,23.75,MORON AERO
853,Nov-22,28.0,19.5,23.75,EL PALOMAR AERO
488,Nov-22,28.0,20.4,24.2,BUENOS AIRES OBSERVATORIO
123,Nov-22,26.8,20.2,23.5,AEROPARQUE AERO
1582,Nov-22,25.0,16.3,20.65,NUEVE DE JULIO
1217,Nov-22,26.5,18.5,22.5,MORON AERO
852,Nov-22,26.0,17.8,21.9,EL PALOMAR AERO
487,Nov-22,26.5,18.8,22.65,BUENOS AIRES OBSERVATORIO
122,Nov-22,25.1,18.7,21.9,AEROPARQUE AERO
1581,Nov-22,26.0,13.4,19.7,NUEVE DE JULIO
1216,Nov-22,23.6,15.5,19.55,MORON AERO
851,Nov-22,23.8,15.7,19.75,EL PALOMAR AERO
486,Nov-22,22.7,16.0,19.35,BUENOS AIRES OBSERVATORIO
121,Nov-22,23.5,15.6,19.55,AEROPARQUE AERO
1580,Nov-22,31.8,12.5,22.15,NUEVE DE JULIO
1215,Nov-22,32.6,14.5,23.55,MORON AERO
850,Nov-22,32.4,11.0,21.7,EL PALOMAR AERO
485,Nov-22,32.8,15.0,23.9,BUENOS AIRES OBSERVATORIO
120,Nov-22,32.7,16.3,24.5,AEROPARQUE AERO
1579,Nov-22,36.0,16.3,26.15,NUEVE DE JULIO
1214,Nov-22,36.4,17.3,26.85,MORON AERO
849,Nov-22,35.0,12.8,23.9,EL PALOMAR AERO
484,Nov-22,34.0,17.0,25.5,BUENOS AIRES OBSERVATORIO
119,Nov-22,29.6,19.4,24.5,AEROPARQUE AERO
1578,Nov-22,27.6,19.1,23.35,NUEVE DE JULIO
1213,Nov-22,31.2,22.2,26.7,MORON AERO
848,Nov-22,31.2,22.5,26.85,EL PALOMAR AERO
483,Nov-22,31.0,22.9,26.95,BUENOS AIRES OBSERVATORIO
118,Nov-22,29.6,21.1,25.35,AEROPARQUE AERO
1577,Nov-22,33.6,18.3,25.950000000000003,NUEVE DE JULIO
1212,Nov-22,31.5,21.1,26.3,MORON AERO
847,Nov-22,31.5,22.2,26.85,EL PALOMAR AERO
482,Nov-22,30.3,22.4,26.35,BUENOS AIRES OBSERVATORIO
117,Nov-22,28.0,21.3,24.65,AEROPARQUE AERO
1576,Nov-22,30.0,16.8,23.4,NUEVE DE JULIO
1211,Nov-22,33.2,23.6,28.4,MORON AERO
846,Nov-22,32.5,22.0,27.25,EL PALOMAR AERO
481,Nov-22,31.5,23.7,27.6,BUENOS AIRES OBSERVATORIO
116,Nov-22,29.8,22.5,26.15,AEROPARQUE AERO
1575,Nov-22,24.6,15.9,20.25,NUEVE DE JULIO
1210,Nov-22,27.5,20.5,24.0,MORON AERO
845,Nov-22,28.0,19.5,23.75,EL PALOMAR AERO
480,Nov-22,29.6,19.8,24.700000000000003,BUENOS AIRES OBSERVATORIO
115,Nov-22,29.5,17.8,23.65,AEROPARQUE AERO
1574,Nov-22,20.7,10.9,15.8,NUEVE DE JULIO
1209,Nov-22,20.6,14.5,17.55,MORON AERO
844,Nov-22,20.0,14.5,17.25,EL PALOMAR AERO
479,Nov-22,19.8,15.5,17.65,BUENOS AIRES OBSERVATORIO
114,Nov-22,19.6,14.7,17.15,AEROPARQUE AERO
1573,Nov-22,25.0,8.2,16.6,NUEVE DE JULIO
1208,Nov-22,24.0,12.0,18.0,MORON AERO
843,Nov-22,24.0,12.8,18.4,EL PALOMAR AERO
478,Nov-22,24.7,14.2,19.45,BUENOS AIRES OBSERVATORIO
113,Nov-22,24.2,13.3,18.75,AEROPARQUE AERO
1572,Nov-22,34.5,11.9,23.2,NUEVE DE JULIO
1207,Nov-22,32.0,13.5,22.75,MORON AERO
842,Nov-22,31.2,8.5,19.85,EL PALOMAR AERO
477,Nov-22,30.5,13.6,22.05,BUENOS AIRES OBSERVATORIO
112,Nov-22,28.6,14.8,21.700000000000003,AEROPARQUE AERO
1571,Nov-22,34.0,16.0,25.0,NUEVE DE JULIO
1206,Nov-22,38.0,18.1,28.05,MORON AERO
841,Nov-22,37.0,17.4,27.2,EL PALOMAR AERO
476,Nov-22,34.5,19.6,27.05,BUENOS AIRES OBSERVATORIO
111,Nov-22,31.9,18.5,25.2,AEROPARQUE AERO
1570,Nov-22,32.5,12.4,22.45,NUEVE DE JULIO
1205,Nov-22,28.2,16.9,22.55,MORON AERO
840,Nov-22,28.5,16.4,22.45,EL PALOMAR AERO
475,Nov-22,29.4,16.2,22.8,BUENOS AIRES OBSERVATORIO
110,Nov-22,29.8,17.2,23.5,AEROPARQUE AERO
1569,Nov-22,38.4,16.6,27.5,NUEVE DE JULIO
1204,Nov-22,33.6,20.3,26.950000000000003,MORON AERO
839,Nov-22,33.6,20.4,27.0,EL PALOMAR AERO
474,Nov-22,32.7,20.2,26.450000000000003,BUENOS AIRES OBSERVATORIO
109,Nov-22,28.4,20.1,24.25,AEROPARQUE AERO
1568,Nov-22,35.4,18.2,26.8,NUEVE DE JULIO
1203,Nov-22,32.4,21.9,27.15,MORON AERO
838,Nov-22,32.5,21.9,27.2,EL PALOMAR AERO
473,Nov-22,31.4,22.2,26.8,BUENOS AIRES OBSERVATORIO
108,Nov-22,29.1,21.7,25.4,AEROPARQUE AERO
1567,Nov-22,36.5,18.4,27.45,NUEVE DE JULIO
1202,Nov-22,33.0,23.1,28.05,MORON AERO
837,Nov-22,32.5,22.6,27.55,EL PALOMAR AERO
472,Nov-22,31.7,21.4,26.55,BUENOS AIRES OBSERVATORIO
107,Nov-22,30.0,22.3,26.15,AEROPARQUE AERO
1566,Nov-22,37.4,21.1,29.25,NUEVE DE JULIO
1201,Nov-22,33.8,23.1,28.45,MORON AERO
836,Nov-22,33.5,22.7,28.1,EL PALOMAR AERO
471,Nov-22,33.0,23.1,28.05,BUENOS AIRES OBSERVATORIO
106,Nov-22,32.1,22.7,27.4,AEROPARQUE AERO
1565,Nov-22,28.0,18.9,23.45,NUEVE DE JULIO
1200,Nov-22,31.7,21.6,26.65,MORON AERO
835,Nov-22,31.0,21.8,26.4,EL PALOMAR AERO
470,Nov-22,30.5,23.0,26.75,BUENOS AIRES OBSERVATORIO
105,Nov-22,28.1,23.4,25.75,AEROPARQUE AERO
1564,Dec-22,26.7,14.3,20.5,NUEVE DE JULIO
1199,Dec-22,24.4,17.9,21.15,MORON AERO
834,Dec-22,24.4,17.8,21.1,EL PALOMAR AERO
469,Dec-22,24.4,17.9,21.15,BUENOS AIRES OBSERVATORIO
104,Dec-22,24.4,17.8,21.1,AEROPARQUE AERO
1563,Dec-22,29.8,13.6,21.7,NUEVE DE JULIO
1198,Dec-22,28.8,13.1,20.95,MORON AERO
833,Dec-22,28.0,14.0,21.0,EL PALOMAR AERO
468,Dec-22,27.0,15.4,21.2,BUENOS AIRES OBSERVATORIO
103,Dec-22,24.3,15.6,19.95,AEROPARQUE AERO
1562,Dec-22,33.3,13.9,23.6,NUEVE DE JULIO
1197,Dec-22,28.4,15.8,22.1,MORON AERO
832,Dec-22,30.0,15.2,22.6,EL PALOMAR AERO
467,Dec-22,27.0,19.0,23.0,BUENOS AIRES OBSERVATORIO
102,Dec-22,25.6,18.6,22.1,AEROPARQUE AERO
1561,Dec-22,36.6,16.3,26.450000000000003,NUEVE DE JULIO
1196,Dec-22,34.5,14.4,24.45,MORON AERO
831,Dec-22,34.3,13.0,23.65,EL PALOMAR AERO
466,Dec-22,32.5,17.6,25.05,BUENOS AIRES OBSERVATORIO
101,Dec-22,28.7,18.8,23.75,AEROPARQUE AERO
1560,Dec-22,39.5,19.8,29.65,NUEVE DE JULIO
1195,Dec-22,36.0,22.3,29.15,MORON AERO
830,Dec-22,35.0,18.4,26.7,EL PALOMAR AERO
465,Dec-22,34.1,22.3,28.200000000000003,BUENOS AIRES OBSERVATORIO
100,Dec-22,31.6,23.1,27.35,AEROPARQUE AERO
1559,Dec-22,38.3,22.2,30.25,NUEVE DE JULIO
1194,Dec-22,36.4,23.6,30.0,MORON AERO
829,Dec-22,35.5,22.2,28.85,EL PALOMAR AERO
464,Dec-22,35.0,23.0,29.0,BUENOS AIRES OBSERVATORIO
99,Dec-22,32.9,23.2,28.05,AEROPARQUE AERO
1558,Dec-22,32.3,20.3,26.3,NUEVE DE JULIO
1193,Dec-22,33.6,25.3,29.450000000000003,MORON AERO
828,Dec-22,34.1,23.5,28.8,EL PALOMAR AERO
463,Dec-22,34.0,25.7,29.85,BUENOS AIRES OBSERVATORIO
98,Dec-22,33.3,25.3,29.3,AEROPARQUE AERO
1557,Dec-22,35.0,18.7,26.85,NUEVE DE JULIO
1192,Dec-22,36.0,20.7,28.35,MORON AERO
827,Dec-22,36.6,21.0,28.8,EL PALOMAR AERO
462,Dec-22,36.1,22.0,29.05,BUENOS AIRES OBSERVATORIO
97,Dec-22,34.8,21.1,27.95,AEROPARQUE AERO
1556,Dec-22,38.2,20.5,29.35,NUEVE DE JULIO
1191,Dec-22,38.5,22.7,30.6,MORON AERO
826,Dec-22,38.5,19.6,29.05,EL PALOMAR AERO
461,Dec-22,38.2,23.7,30.950000000000003,BUENOS AIRES OBSERVATORIO
96,Dec-22,34.6,22.4,28.5,AEROPARQUE AERO
1555,Dec-22,35.0,15.9,25.45,NUEVE DE JULIO
1190,Dec-22,31.0,20.3,25.65,MORON AERO
825,Dec-22,31.0,20.9,25.95,EL PALOMAR AERO
460,Dec-22,29.8,21.6,25.700000000000003,BUENOS AIRES OBSERVATORIO
95,Dec-22,28.0,21.6,24.8,AEROPARQUE AERO
1554,Dec-22,36.2,20.4,28.3,NUEVE DE JULIO
1189,Dec-22,38.0,23.5,30.75,MORON AERO
824,Dec-22,38.4,22.8,30.6,EL PALOMAR AERO
459,Dec-22,37.7,23.1,30.4,BUENOS AIRES OBSERVATORIO
94,Dec-22,35.9,23.8,29.85,AEROPARQUE AERO
1553,Dec-22,29.9,13.8,21.85,NUEVE DE JULIO
1188,Dec-22,30.0,16.3,23.15,MORON AERO
823,Dec-22,29.0,15.4,22.2,EL PALOMAR AERO
458,Dec-22,28.5,18.2,23.35,BUENOS AIRES OBSERVATORIO
93,Dec-22,27.6,18.4,23.0,AEROPARQUE AERO
1552,Dec-22,30.4,12.4,21.4,NUEVE DE JULIO
1187,Dec-22,30.0,13.5,21.75,MORON AERO
822,Dec-22,29.5,13.0,21.25,EL PALOMAR AERO
457,Dec-22,27.5,15.9,21.7,BUENOS AIRES OBSERVATORIO
92,Dec-22,26.5,16.8,21.65,AEROPARQUE AERO
1551,Dec-22,36.8,17.3,27.05,NUEVE DE JULIO
1186,Dec-22,33.9,19.9,26.9,MORON AERO
821,Dec-22,33.0,17.2,25.1,EL PALOMAR AERO
456,Dec-22,32.4,21.5,26.95,BUENOS AIRES OBSERVATORIO
91,Dec-22,30.7,20.5,25.6,AEROPARQUE AERO
1550,Dec-22,31.2,17.4,24.3,NUEVE DE JULIO
1185,Dec-22,29.9,18.1,24.0,MORON AERO
820,Dec-22,29.3,18.1,23.700000000000003,EL PALOMAR AERO
455,Dec-22,29.7,18.1,23.9,BUENOS AIRES OBSERVATORIO
90,Dec-22,29.1,18.6,23.85,AEROPARQUE AERO
1549,Dec-22,29.2,13.3,21.25,NUEVE DE JULIO
1184,Dec-22,24.8,15.3,20.05,MORON AERO
819,Dec-22,24.5,15.5,20.0,EL PALOMAR AERO
454,Dec-22,24.6,16.3,20.450000000000003,BUENOS AIRES OBSERVATORIO
89,Dec-22,23.1,17.3,20.200000000000003,AEROPARQUE AERO
1548,Dec-22,29.1,11.9,20.5,NUEVE DE JULIO
1183,Dec-22,26.5,14.6,20.55,MORON AERO
818,Dec-22,26.5,16.6,21.55,EL PALOMAR AERO
453,Dec-22,26.1,17.6,21.85,BUENOS AIRES OBSERVATORIO
88,Dec-22,25.1,17.4,21.25,AEROPARQUE AERO
1547,Dec-22,32.1,14.8,23.450000000000003,NUEVE DE JULIO
1182,Dec-22,28.4,19.3,23.85,MORON AERO
817,Dec-22,28.5,19.1,23.8,EL PALOMAR AERO
452,Dec-22,28.2,19.7,23.95,BUENOS AIRES OBSERVATORIO
87,Dec-22,27.2,19.5,23.35,AEROPARQUE AERO
1546,Dec-22,33.5,15.8,24.65,NUEVE DE JULIO
1181,Dec-22,30.2,20.4,25.3,MORON AERO
816,Dec-22,30.0,20.5,25.25,EL PALOMAR AERO
451,Dec-22,30.4,21.2,25.8,BUENOS AIRES OBSERVATORIO
86,Dec-22,27.8,20.4,24.1,AEROPARQUE AERO
1545,Dec-22,34.4,17.3,25.85,NUEVE DE JULIO
1180,Dec-22,31.3,21.3,26.3,MORON AERO
815,Dec-22,31.5,22.0,26.75,EL PALOMAR AERO
450,Dec-22,31.0,21.7,26.35,BUENOS AIRES OBSERVATORIO
85,Dec-22,29.6,21.6,25.6,AEROPARQUE AERO
1544,Dec-22,33.4,18.9,26.15,NUEVE DE JULIO
1179,Dec-22,31.0,20.9,25.95,MORON AERO
814,Dec-22,30.7,21.2,25.95,EL PALOMAR AERO
449,Dec-22,30.2,21.4,25.8,BUENOS AIRES OBSERVATORIO
84,Dec-22,28.1,20.8,24.450000000000003,AEROPARQUE AERO
1543,Dec-22,35.4,18.2,26.8,NUEVE DE JULIO
1178,Dec-22,33.0,22.5,27.75,MORON AERO
813,Dec-22,33.0,22.0,27.5,EL PALOMAR AERO
448,Dec-22,32.2,22.4,27.3,BUENOS AIRES OBSERVATORIO
83,Dec-22,30.1,21.7,25.9,AEROPARQUE AERO
1542,Dec-22,30.4,19.6,25.0,NUEVE DE JULIO
1177,Dec-22,29.0,20.5,24.75,MORON AERO
812,Dec-22,29.0,20.4,24.7,EL PALOMAR AERO
447,Dec-22,28.3,20.6,24.450000000000003,BUENOS AIRES OBSERVATORIO
82,Dec-22,27.1,21.1,24.1,AEROPARQUE AERO
1541,Dec-22,25.5,14.6,20.05,NUEVE DE JULIO
1176,Dec-22,24.5,17.3,20.9,MORON AERO
811,Dec-22,24.2,17.8,21.0,EL PALOMAR AERO
446,Dec-22,24.4,17.8,21.1,BUENOS AIRES OBSERVATORIO
81,Dec-22,24.2,17.5,20.85,AEROPARQUE AERO
1540,Dec-22,26.5,11.3,18.9,NUEVE DE JULIO
1175,Dec-22,24.7,10.4,17.55,MORON AERO
810,Dec-22,25.0,8.7,16.85,EL PALOMAR AERO
445,Dec-22,25.2,11.8,18.5,BUENOS AIRES OBSERVATORIO
80,Dec-22,24.1,13.7,18.9,AEROPARQUE AERO
1539,Dec-22,30.8,13.7,22.25,NUEVE DE JULIO
1174,Dec-22,29.5,14.1,21.8,MORON AERO
809,Dec-22,29.4,10.0,19.7,EL PALOMAR AERO
444,Dec-22,29.6,15.2,22.4,BUENOS AIRES OBSERVATORIO
79,Dec-22,26.6,16.8,21.700000000000003,AEROPARQUE AERO
1538,Dec-22,34.1,16.1,25.1,NUEVE DE JULIO
1173,Dec-22,31.9,17.8,24.85,MORON AERO
808,Dec-22,31.5,14.0,22.75,EL PALOMAR AERO
443,Dec-22,31.1,19.4,25.25,BUENOS AIRES OBSERVATORIO
78,Dec-22,29.7,19.2,24.45,AEROPARQUE AERO
1537,Dec-22,30.9,11.3,21.1,NUEVE DE JULIO
1172,Dec-22,31.5,21.4,26.45,MORON AERO
807,Dec-22,31.0,20.0,25.5,EL PALOMAR AERO
442,Dec-22,31.0,22.3,26.65,BUENOS AIRES OBSERVATORIO
77,Dec-22,31.1,20.8,25.950000000000003,AEROPARQUE AERO
1536,Dec-22,32.6,14.4,23.5,NUEVE DE JULIO
1171,Dec-22,30.7,14.9,22.8,MORON AERO
806,Dec-22,30.6,13.5,22.05,EL PALOMAR AERO
441,Dec-22,30.6,16.1,23.35,BUENOS AIRES OBSERVATORIO
76,Dec-22,27.5,18.7,23.1,AEROPARQUE AERO
1535,Dec-22,38.8,18.7,28.75,NUEVE DE JULIO
1170,Dec-22,37.8,19.7,28.75,MORON AERO
805,Dec-22,37.5,19.3,28.4,EL PALOMAR AERO
440,Dec-22,36.8,20.6,28.7,BUENOS AIRES OBSERVATORIO
75,Dec-22,35.1,21.3,28.200000000000003,AEROPARQUE AERO
1534,Dec-22,34.2,17.8,26.0,NUEVE DE JULIO
1169,Dec-22,31.6,21.1,26.35,MORON AERO
804,Dec-22,31.0,22.0,26.5,EL PALOMAR AERO
439,Dec-22,32.0,22.5,27.25,BUENOS AIRES OBSERVATORIO
74,Dec-22,31.6,22.2,26.9,AEROPARQUE AERO
1533,Jan-23,27.9,17.6,22.75,NUEVE DE JULIO
1168,Jan-23,27.0,19.3,23.15,MORON AERO
803,Jan-23,25.5,19.0,22.25,EL PALOMAR AERO
438,Jan-23,26.9,20.2,23.55,BUENOS AIRES OBSERVATORIO
73,Jan-23,26.6,19.5,23.05,AEROPARQUE AERO
1532,Jan-23,30.8,13.7,22.25,NUEVE DE JULIO
1167,Jan-23,30.3,16.3,23.3,MORON AERO
802,Jan-23,30.0,16.5,23.25,EL PALOMAR AERO
437,Jan-23,30.5,17.1,23.8,BUENOS AIRES OBSERVATORIO
72,Jan-23,30.7,16.9,23.8,AEROPARQUE AERO
1531,Jan-23,29.5,17.6,23.55,NUEVE DE JULIO
1166,Jan-23,32.4,18.3,25.35,MORON AERO
801,Jan-23,32.6,16.8,24.700000000000003,EL PALOMAR AERO
436,Jan-23,32.9,19.7,26.3,BUENOS AIRES OBSERVATORIO
71,Jan-23,32.6,19.0,25.8,AEROPARQUE AERO
1530,Jan-23,33.6,15.2,24.4,NUEVE DE JULIO
1165,Jan-23,31.4,16.3,23.85,MORON AERO
800,Jan-23,31.5,12.0,21.75,EL PALOMAR AERO
435,Jan-23,31.2,15.8,23.5,BUENOS AIRES OBSERVATORIO
70,Jan-23,28.1,18.8,23.450000000000003,AEROPARQUE AERO
1529,Jan-23,35.2,16.4,25.8,NUEVE DE JULIO
1164,Jan-23,33.1,19.2,26.15,MORON AERO
799,Jan-23,33.0,18.8,25.9,EL PALOMAR AERO
434,Jan-23,32.7,19.8,26.25,BUENOS AIRES OBSERVATORIO
69,Jan-23,31.9,20.0,25.95,AEROPARQUE AERO
1528,Jan-23,36.7,19.2,27.950000000000003,NUEVE DE JULIO
1163,Jan-23,34.0,21.1,27.55,MORON AERO
798,Jan-23,33.9,22.0,27.95,EL PALOMAR AERO
433,Jan-23,33.9,23.5,28.7,BUENOS AIRES OBSERVATORIO
68,Jan-23,32.1,23.3,27.700000000000003,AEROPARQUE AERO
1527,Jan-23,37.0,20.1,28.55,NUEVE DE JULIO
1162,Jan-23,33.1,22.7,27.9,MORON AERO
797,Jan-23,33.0,23.0,28.0,EL PALOMAR AERO
432,Jan-23,32.8,23.4,28.1,BUENOS AIRES OBSERVATORIO
67,Jan-23,30.6,22.5,26.55,AEROPARQUE AERO
1526,Jan-23,36.8,18.3,27.55,NUEVE DE JULIO
1161,Jan-23,32.8,23.0,27.9,MORON AERO
796,Jan-23,32.5,23.0,27.75,EL PALOMAR AERO
431,Jan-23,32.2,23.2,27.700000000000003,BUENOS AIRES OBSERVATORIO
66,Jan-23,29.6,22.8,26.200000000000003,AEROPARQUE AERO
1525,Jan-23,36.5,17.6,27.05,NUEVE DE JULIO
1160,Jan-23,33.9,22.0,27.95,MORON AERO
795,Jan-23,33.0,22.8,27.9,EL PALOMAR AERO
430,Jan-23,32.2,23.2,27.700000000000003,BUENOS AIRES OBSERVATORIO
65,Jan-23,29.1,22.5,25.8,AEROPARQUE AERO
1524,Jan-23,38.0,16.9,27.45,NUEVE DE JULIO
1159,Jan-23,35.4,21.6,28.5,MORON AERO
794,Jan-23,34.8,22.5,28.65,EL PALOMAR AERO
429,Jan-23,33.6,23.0,28.3,BUENOS AIRES OBSERVATORIO
64,Jan-23,29.9,22.6,26.25,AEROPARQUE AERO
1523,Jan-23,29.8,20.4,25.1,NUEVE DE JULIO
1158,Jan-23,27.5,21.4,24.45,MORON AERO
793,Jan-23,28.5,20.5,24.5,EL PALOMAR AERO
428,Jan-23,28.0,22.7,25.35,BUENOS AIRES OBSERVATORIO
63,Jan-23,28.6,23.4,26.0,AEROPARQUE AERO
1522,Jan-23,29.5,16.4,22.95,NUEVE DE JULIO
1157,Jan-23,30.0,16.7,23.35,MORON AERO
792,Jan-23,30.0,16.1,23.05,EL PALOMAR AERO
427,Jan-23,30.1,18.0,24.05,BUENOS AIRES OBSERVATORIO
62,Jan-23,30.6,18.2,24.4,AEROPARQUE AERO
1521,Jan-23,31.2,15.0,23.1,NUEVE DE JULIO
1156,Jan-23,30.7,17.9,24.3,MORON AERO
791,Jan-23,30.5,14.4,22.45,EL PALOMAR AERO
426,Jan-23,31.6,18.6,25.1,BUENOS AIRES OBSERVATORIO
61,Jan-23,30.8,21.5,26.15,AEROPARQUE AERO
1520,Jan-23,34.7,14.8,24.75,NUEVE DE JULIO
1155,Jan-23,32.8,17.4,25.1,MORON AERO
790,Jan-23,33.0,13.0,23.0,EL PALOMAR AERO
425,Jan-23,32.2,20.7,26.450000000000003,BUENOS AIRES OBSERVATORIO
60,Jan-23,31.0,20.3,25.65,AEROPARQUE AERO
1519,Jan-23,36.6,17.7,27.15,NUEVE DE JULIO
1154,Jan-23,36.0,19.3,27.65,MORON AERO
789,Jan-23,35.5,12.8,24.15,EL PALOMAR AERO
424,Jan-23,34.9,20.4,27.65,BUENOS AIRES OBSERVATORIO
59,Jan-23,33.1,23.5,28.3,AEROPARQUE AERO
1518,Jan-23,36.1,18.3,27.200000000000003,NUEVE DE JULIO
1153,Jan-23,37.4,24.9,31.15,MORON AERO
788,Jan-23,37.0,24.3,30.65,EL PALOMAR AERO
423,Jan-23,36.5,24.9,30.7,BUENOS AIRES OBSERVATORIO
58,Jan-23,32.7,24.8,28.75,AEROPARQUE AERO
1517,Jan-23,38.2,20.8,29.5,NUEVE DE JULIO
1152,Jan-23,37.0,26.2,31.6,MORON AERO
787,Jan-23,36.3,26.0,31.15,EL PALOMAR AERO
422,Jan-23,36.0,25.9,30.95,BUENOS AIRES OBSERVATORIO
57,Jan-23,34.2,25.8,30.0,AEROPARQUE AERO
1516,Jan-23,31.0,22.6,26.8,NUEVE DE JULIO
1151,Jan-23,30.0,22.9,26.45,MORON AERO
786,Jan-23,29.5,22.6,26.05,EL PALOMAR AERO
421,Jan-23,29.7,23.1,26.4,BUENOS AIRES OBSERVATORIO
56,Jan-23,29.0,22.4,25.7,AEROPARQUE AERO
1515,Jan-23,37.0,19.2,28.1,NUEVE DE JULIO
1150,Jan-23,34.3,24.7,29.5,MORON AERO
785,Jan-23,33.9,23.3,28.6,EL PALOMAR AERO
420,Jan-23,32.7,24.0,28.35,BUENOS AIRES OBSERVATORIO
55,Jan-23,30.6,23.6,27.1,AEROPARQUE AERO
1514,Jan-23,31.3,20.9,26.1,NUEVE DE JULIO
1149,Jan-23,33.0,20.6,26.8,MORON AERO
784,Jan-23,33.0,21.2,27.1,EL PALOMAR AERO
419,Jan-23,33.0,22.0,27.5,BUENOS AIRES OBSERVATORIO
54,Jan-23,31.6,21.3,26.450000000000003,AEROPARQUE AERO
1513,Jan-23,33.1,17.8,25.450000000000003,NUEVE DE JULIO
1148,Jan-23,32.5,19.5,26.0,MORON AERO
783,Jan-23,32.5,20.6,26.55,EL PALOMAR AERO
418,Jan-23,32.5,21.8,27.15,BUENOS AIRES OBSERVATORIO
53,Jan-23,32.6,21.9,27.25,AEROPARQUE AERO
1512,Jan-23,35.5,18.9,27.2,NUEVE DE JULIO
1147,Jan-23,34.5,18.9,26.7,MORON AERO
782,Jan-23,35.2,17.4,26.3,EL PALOMAR AERO
417,Jan-23,35.4,19.4,27.4,BUENOS AIRES OBSERVATORIO
52,Jan-23,35.2,22.5,28.85,AEROPARQUE AERO
1511,Jan-23,33.8,18.2,26.0,NUEVE DE JULIO
1146,Jan-23,32.6,20.8,26.700000000000003,MORON AERO
781,Jan-23,34.0,19.0,26.5,EL PALOMAR AERO
416,Jan-23,31.7,21.0,26.35,BUENOS AIRES OBSERVATORIO
51,Jan-23,29.5,22.3,25.9,AEROPARQUE AERO
1510,Jan-23,32.4,18.5,25.45,NUEVE DE JULIO
1145,Jan-23,33.8,22.0,27.9,MORON AERO
780,Jan-23,35.1,21.6,28.35,EL PALOMAR AERO
415,Jan-23,34.6,23.0,28.8,BUENOS AIRES OBSERVATORIO
50,Jan-23,33.6,23.0,28.3,AEROPARQUE AERO
1509,Jan-23,32.0,15.3,23.65,NUEVE DE JULIO
1144,Jan-23,34.6,19.5,27.05,MORON AERO
779,Jan-23,34.2,19.6,26.9,EL PALOMAR AERO
414,Jan-23,34.2,20.7,27.450000000000003,BUENOS AIRES OBSERVATORIO
49,Jan-23,32.6,20.9,26.75,AEROPARQUE AERO
1508,Jan-23,34.3,20.8,27.55,NUEVE DE JULIO
1143,Jan-23,32.5,22.6,27.55,MORON AERO
778,Jan-23,32.5,24.5,28.5,EL PALOMAR AERO
413,Jan-23,32.2,25.0,28.6,BUENOS AIRES OBSERVATORIO
48,Jan-23,31.7,24.8,28.25,AEROPARQUE AERO
1507,Jan-23,29.4,17.9,23.65,NUEVE DE JULIO
1142,Jan-23,30.2,19.9,25.05,MORON AERO
777,Jan-23,28.5,20.0,24.25,EL PALOMAR AERO
412,Jan-23,28.8,20.9,24.85,BUENOS AIRES OBSERVATORIO
47,Jan-23,27.7,20.0,23.85,AEROPARQUE AERO
1506,Jan-23,33.0,19.8,26.4,NUEVE DE JULIO
1141,Jan-23,32.4,18.9,25.65,MORON AERO
776,Jan-23,33.4,18.0,25.7,EL PALOMAR AERO
411,Jan-23,32.1,20.8,26.450000000000003,BUENOS AIRES OBSERVATORIO
46,Jan-23,29.3,21.8,25.55,AEROPARQUE AERO
1505,Jan-23,31.6,19.9,25.75,NUEVE DE JULIO
1140,Jan-23,31.7,21.7,26.7,MORON AERO
775,Jan-23,30.3,20.3,25.3,EL PALOMAR AERO
410,Jan-23,29.5,22.5,26.0,BUENOS AIRES OBSERVATORIO
45,Jan-23,28.5,23.3,25.9,AEROPARQUE AERO
1504,Jan-23,31.2,15.7,23.45,NUEVE DE JULIO
1139,Jan-23,30.6,18.7,24.65,MORON AERO
774,Jan-23,30.5,21.6,26.05,EL PALOMAR AERO
409,Jan-23,30.0,21.6,25.8,BUENOS AIRES OBSERVATORIO
44,Jan-23,27.6,21.6,24.6,AEROPARQUE AERO
1503,Jan-23,32.1,17.9,25.0,NUEVE DE JULIO
1138,Jan-23,31.8,21.6,26.700000000000003,MORON AERO
773,Jan-23,31.9,19.8,25.85,EL PALOMAR AERO
408,Jan-23,30.7,22.0,26.35,BUENOS AIRES OBSERVATORIO
43,Jan-23,28.6,23.1,25.85,AEROPARQUE AERO
1502,Feb-23,27.0,20.1,23.55,NUEVE DE JULIO
1137,Feb-23,28.4,21.3,24.85,MORON AERO
772,Feb-23,28.0,23.2,25.6,EL PALOMAR AERO
407,Feb-23,28.1,23.7,25.9,BUENOS AIRES OBSERVATORIO
42,Feb-23,27.4,23.2,25.3,AEROPARQUE AERO
1501,Feb-23,27.4,19.4,23.4,NUEVE DE JULIO
1136,Feb-23,26.1,22.3,24.200000000000003,MORON AERO
771,Feb-23,27.4,21.4,24.4,EL PALOMAR AERO
406,Feb-23,28.0,21.6,24.8,BUENOS AIRES OBSERVATORIO
41,Feb-23,27.0,22.2,24.6,AEROPARQUE AERO
1500,Feb-23,28.8,16.6,22.700000000000003,NUEVE DE JULIO
1135,Feb-23,28.0,18.8,23.4,MORON AERO
770,Feb-23,28.5,19.0,23.75,EL PALOMAR AERO
405,Feb-23,27.2,18.8,23.0,BUENOS AIRES OBSERVATORIO
40,Feb-23,26.6,19.2,22.9,AEROPARQUE AERO
1499,Feb-23,30.8,15.6,23.2,NUEVE DE JULIO
1134,Feb-23,28.5,15.5,22.0,MORON AERO
769,Feb-23,29.3,16.0,22.65,EL PALOMAR AERO
404,Feb-23,29.8,17.8,23.8,BUENOS AIRES OBSERVATORIO
39,Feb-23,29.8,18.8,24.3,AEROPARQUE AERO
1498,Feb-23,32.0,17.6,24.8,NUEVE DE JULIO
1133,Feb-23,31.6,16.3,23.950000000000003,MORON AERO
768,Feb-23,32.0,13.3,22.65,EL PALOMAR AERO
403,Feb-23,32.0,17.5,24.75,BUENOS AIRES OBSERVATORIO
38,Feb-23,29.1,19.2,24.15,AEROPARQUE AERO
1497,Feb-23,34.5,17.3,25.9,NUEVE DE JULIO
1132,Feb-23,34.6,20.9,27.75,MORON AERO
767,Feb-23,33.5,16.2,24.85,EL PALOMAR AERO
402,Feb-23,33.3,22.0,27.65,BUENOS AIRES OBSERVATORIO
37,Feb-23,31.6,22.3,26.950000000000003,AEROPARQUE AERO
1496,Feb-23,36.0,19.0,27.5,NUEVE DE JULIO
1131,Feb-23,36.7,24.3,30.5,MORON AERO
766,Feb-23,36.3,23.0,29.65,EL PALOMAR AERO
401,Feb-23,35.3,24.0,29.65,BUENOS AIRES OBSERVATORIO
36,Feb-23,32.1,23.8,27.950000000000003,AEROPARQUE AERO
1495,Feb-23,33.3,22.3,27.8,NUEVE DE JULIO
1130,Feb-23,33.0,24.0,28.5,MORON AERO
765,Feb-23,33.5,22.5,28.0,EL PALOMAR AERO
400,Feb-23,32.7,25.8,29.25,BUENOS AIRES OBSERVATORIO
35,Feb-23,31.3,25.2,28.25,AEROPARQUE AERO
1494,Feb-23,36.5,19.5,28.0,NUEVE DE JULIO
1129,Feb-23,36.0,19.4,27.7,MORON AERO
764,Feb-23,35.3,18.0,26.65,EL PALOMAR AERO
399,Feb-23,34.2,21.7,27.950000000000003,BUENOS AIRES OBSERVATORIO
34,Feb-23,32.1,22.8,27.450000000000003,AEROPARQUE AERO
1493,Feb-23,37.1,20.3,28.700000000000003,NUEVE DE JULIO
1128,Feb-23,37.5,24.1,30.8,MORON AERO
763,Feb-23,37.5,19.4,28.45,EL PALOMAR AERO
398,Feb-23,36.4,24.4,30.4,BUENOS AIRES OBSERVATORIO
33,Feb-23,34.1,25.2,29.65,AEROPARQUE AERO
1492,Feb-23,38.5,21.3,29.9,NUEVE DE JULIO
1127,Feb-23,38.8,25.1,31.95,MORON AERO
762,Feb-23,38.5,21.0,29.75,EL PALOMAR AERO
397,Feb-23,37.8,25.5,31.65,BUENOS AIRES OBSERVATORIO
32,Feb-23,36.6,27.0,31.8,AEROPARQUE AERO
1491,Feb-23,38.8,21.7,30.25,NUEVE DE JULIO
1126,Feb-23,40.0,29.0,34.5,MORON AERO
761,Feb-23,39.5,28.5,34.0,EL PALOMAR AERO
396,Feb-23,38.1,28.5,33.3,BUENOS AIRES OBSERVATORIO
31,Feb-23,36.5,27.9,32.2,AEROPARQUE AERO
1490,Feb-23,32.6,18.7,25.65,NUEVE DE JULIO
1125,Feb-23,36.5,22.4,29.45,MORON AERO
760,Feb-23,34.0,22.4,28.2,EL PALOMAR AERO
395,Feb-23,34.5,23.4,28.95,BUENOS AIRES OBSERVATORIO
30,Feb-23,32.2,23.1,27.65,AEROPARQUE AERO
1489,Feb-23,30.4,15.8,23.1,NUEVE DE JULIO
1124,Feb-23,33.6,20.5,27.05,MORON AERO
759,Feb-23,33.0,17.2,25.1,EL PALOMAR AERO
394,Feb-23,34.0,21.5,27.75,BUENOS AIRES OBSERVATORIO
29,Feb-23,33.8,22.8,28.3,AEROPARQUE AERO
1488,Feb-23,33.4,12.5,22.95,NUEVE DE JULIO
1123,Feb-23,33.0,18.4,25.7,MORON AERO
758,Feb-23,32.5,17.7,25.1,EL PALOMAR AERO
393,Feb-23,30.1,20.0,25.05,BUENOS AIRES OBSERVATORIO
28,Feb-23,28.8,20.8,24.8,AEROPARQUE AERO
1487,Feb-23,26.2,13.3,19.75,NUEVE DE JULIO
1122,Feb-23,27.7,13.1,20.4,MORON AERO
757,Feb-23,27.0,14.0,20.5,EL PALOMAR AERO
392,Feb-23,27.3,14.0,20.65,BUENOS AIRES OBSERVATORIO
27,Feb-23,27.8,14.0,20.9,AEROPARQUE AERO
1486,Feb-23,18.4,5.8,12.1,NUEVE DE JULIO
1121,Feb-23,16.4,6.9,11.65,MORON AERO
756,Feb-23,17.0,7.5,12.25,EL PALOMAR AERO
391,Feb-23,17.1,7.9,12.5,BUENOS AIRES OBSERVATORIO
26,Feb-23,15.9,8.3,12.1,AEROPARQUE AERO
1485,Feb-23,25.0,3.9,14.45,NUEVE DE JULIO
1120,Feb-23,23.0,6.7,14.85,MORON AERO
755,Feb-23,23.2,6.8,15.0,EL PALOMAR AERO
390,Feb-23,23.3,8.8,16.05,BUENOS AIRES OBSERVATORIO
25,Feb-23,23.7,9.4,16.55,AEROPARQUE AERO
1484,Feb-23,28.2,6.3,17.25,NUEVE DE JULIO
1119,Feb-23,26.3,12.4,19.35,MORON AERO
754,Feb-23,26.5,12.3,19.4,EL PALOMAR AERO
389,Feb-23,26.8,14.7,20.75,BUENOS AIRES OBSERVATORIO
24,Feb-23,25.6,15.8,20.700000000000003,AEROPARQUE AERO
1483,Feb-23,31.1,10.5,20.8,NUEVE DE JULIO
1118,Feb-23,29.0,13.1,21.05,MORON AERO
753,Feb-23,29.6,10.0,19.8,EL PALOMAR AERO
388,Feb-23,29.0,15.8,22.4,BUENOS AIRES OBSERVATORIO
23,Feb-23,27.6,18.3,22.950000000000003,AEROPARQUE AERO
1482,Feb-23,33.6,13.6,23.6,NUEVE DE JULIO
1117,Feb-23,30.5,19.9,25.2,MORON AERO
752,Feb-23,31.1,18.9,25.0,EL PALOMAR AERO
387,Feb-23,30.6,20.4,25.5,BUENOS AIRES OBSERVATORIO
22,Feb-23,29.5,20.4,24.95,AEROPARQUE AERO
1481,Feb-23,35.5,16.3,25.9,NUEVE DE JULIO
1116,Feb-23,33.6,21.0,27.3,MORON AERO
751,Feb-23,33.2,18.0,25.6,EL PALOMAR AERO
386,Feb-23,33.2,21.2,27.200000000000003,BUENOS AIRES OBSERVATORIO
21,Feb-23,32.6,21.4,27.0,AEROPARQUE AERO
1480,Feb-23,33.7,14.9,24.3,NUEVE DE JULIO
1115,Feb-23,30.6,19.5,25.05,MORON AERO
750,Feb-23,31.5,17.3,24.4,EL PALOMAR AERO
385,Feb-23,31.0,21.3,26.15,BUENOS AIRES OBSERVATORIO
20,Feb-23,31.7,22.4,27.05,AEROPARQUE AERO
1479,Feb-23,34.5,18.1,26.3,NUEVE DE JULIO
1114,Feb-23,33.3,19.1,26.2,MORON AERO
749,Feb-23,33.1,17.5,25.3,EL PALOMAR AERO
384,Feb-23,32.7,20.8,26.75,BUENOS AIRES OBSERVATORIO
19,Feb-23,29.6,22.3,25.950000000000003,AEROPARQUE AERO
1478,Feb-23,36.0,15.6,25.8,NUEVE DE JULIO
1113,Feb-23,34.6,17.9,26.25,MORON AERO
748,Feb-23,34.4,17.7,26.05,EL PALOMAR AERO
383,Feb-23,33.2,21.3,27.25,BUENOS AIRES OBSERVATORIO
18,Feb-23,30.1,20.8,25.450000000000003,AEROPARQUE AERO
1477,Feb-23,30.0,12.9,21.45,NUEVE DE JULIO
1112,Feb-23,29.8,16.4,23.1,MORON AERO
747,Feb-23,28.5,16.6,22.55,EL PALOMAR AERO
382,Feb-23,28.0,17.9,22.95,BUENOS AIRES OBSERVATORIO
17,Feb-23,26.2,18.0,22.1,AEROPARQUE AERO
1476,Feb-23,33.0,12.9,22.95,NUEVE DE JULIO
1111,Feb-23,31.4,19.4,25.4,MORON AERO
746,Feb-23,32.0,18.0,25.0,EL PALOMAR AERO
381,Feb-23,31.0,20.5,25.75,BUENOS AIRES OBSERVATORIO
16,Feb-23,28.1,20.5,24.3,AEROPARQUE AERO
1475,Feb-23,38.5,17.8,28.15,NUEVE DE JULIO
1110,Feb-23,36.8,21.7,29.25,MORON AERO
745,Feb-23,37.0,20.2,28.6,EL PALOMAR AERO
380,Feb-23,36.4,22.4,29.4,BUENOS AIRES OBSERVATORIO
15,Feb-23,32.6,22.5,27.55,AEROPARQUE AERO
1474,Mar-23,37.9,20.7,29.3,NUEVE DE JULIO
1109,Mar-23,37.8,24.3,31.05,MORON AERO
744,Mar-23,37.9,23.0,30.45,EL PALOMAR AERO
379,Mar-23,37.6,25.5,31.55,BUENOS AIRES OBSERVATORIO
14,Mar-23,34.1,23.5,28.8,AEROPARQUE AERO
1473,Mar-23,40.0,21.4,30.7,NUEVE DE JULIO
1108,Mar-23,38.9,24.1,31.5,MORON AERO
743,Mar-23,39.5,23.0,31.25,EL PALOMAR AERO
378,Mar-23,38.0,25.1,31.55,BUENOS AIRES OBSERVATORIO
13,Mar-23,34.3,23.5,28.9,AEROPARQUE AERO
1472,Mar-23,38.3,18.6,28.45,NUEVE DE JULIO
1107,Mar-23,36.0,24.4,30.2,MORON AERO
742,Mar-23,36.0,22.5,29.25,EL PALOMAR AERO
377,Mar-23,35.4,25.4,30.4,BUENOS AIRES OBSERVATORIO
12,Mar-23,32.1,23.9,28.0,AEROPARQUE AERO
1471,Mar-23,32.5,22.3,27.4,NUEVE DE JULIO
1106,Mar-23,34.8,24.4,29.6,MORON AERO
741,Mar-23,34.9,23.3,29.1,EL PALOMAR AERO
376,Mar-23,36.3,24.6,30.45,BUENOS AIRES OBSERVATORIO
11,Mar-23,34.7,23.6,29.15,AEROPARQUE AERO
1470,Mar-23,38.1,17.9,28.0,NUEVE DE JULIO
1105,Mar-23,35.0,22.4,28.7,MORON AERO
740,Mar-23,33.5,23.2,28.35,EL PALOMAR AERO
375,Mar-23,32.8,23.5,28.15,BUENOS AIRES OBSERVATORIO
10,Mar-23,29.7,23.1,26.4,AEROPARQUE AERO
1469,Mar-23,37.9,21.6,29.75,NUEVE DE JULIO
1104,Mar-23,34.4,25.5,29.95,MORON AERO
739,Mar-23,38.3,24.6,31.45,EL PALOMAR AERO
374,Mar-23,33.6,25.4,29.5,BUENOS AIRES OBSERVATORIO
9,Mar-23,32.1,25.1,28.6,AEROPARQUE AERO
1468,Mar-23,33.6,20.5,27.05,NUEVE DE JULIO
1103,Mar-23,33.7,21.8,27.75,MORON AERO
738,Mar-23,33.8,21.4,27.6,EL PALOMAR AERO
373,Mar-23,33.0,21.8,27.4,BUENOS AIRES OBSERVATORIO
8,Mar-23,30.6,22.2,26.4,AEROPARQUE AERO
1467,Mar-23,32.6,15.8,24.200000000000003,NUEVE DE JULIO
1102,Mar-23,34.2,22.9,28.55,MORON AERO
737,Mar-23,34.4,20.2,27.3,EL PALOMAR AERO
372,Mar-23,33.7,23.7,28.700000000000003,BUENOS AIRES OBSERVATORIO
7,Mar-23,30.5,24.8,27.65,AEROPARQUE AERO
1466,Mar-23,36.0,16.9,26.45,NUEVE DE JULIO
1101,Mar-23,33.5,23.2,28.35,MORON AERO
736,Mar-23,33.5,20.1,26.8,EL PALOMAR AERO
371,Mar-23,33.3,23.8,28.55,BUENOS AIRES OBSERVATORIO
6,Mar-23,31.6,24.1,27.85,AEROPARQUE AERO
1465,Mar-23,35.7,19.2,27.450000000000003,NUEVE DE JULIO
1100,Mar-23,38.7,25.9,32.3,MORON AERO
735,Mar-23,38.6,25.7,32.15,EL PALOMAR AERO
370,Mar-23,36.8,26.0,31.4,BUENOS AIRES OBSERVATORIO
5,Mar-23,33.1,25.1,29.1,AEROPARQUE AERO
1464,Mar-23,39.4,19.9,29.65,NUEVE DE JULIO
1099,Mar-23,40.0,26.0,33.0,MORON AERO
734,Mar-23,39.5,23.2,31.35,EL PALOMAR AERO
369,Mar-23,38.9,25.5,32.2,BUENOS AIRES OBSERVATORIO
4,Mar-23,35.6,26.5,31.05,AEROPARQUE AERO
1463,Mar-23,39.6,23.6,31.6,NUEVE DE JULIO
1098,Mar-23,37.6,27.8,32.7,MORON AERO
733,Mar-23,37.0,26.5,31.75,EL PALOMAR AERO
368,Mar-23,36.5,28.0,32.25,BUENOS AIRES OBSERVATORIO
3,Mar-23,34.6,27.8,31.200000000000003,AEROPARQUE AERO
1462,Mar-23,38.1,22.1,30.1,NUEVE DE JULIO
1097,Mar-23,35.8,27.1,31.45,MORON AERO
732,Mar-23,35.5,26.6,31.05,EL PALOMAR AERO
367,Mar-23,35.0,27.0,31.0,BUENOS AIRES OBSERVATORIO
2,Mar-23,31.8,26.4,29.1,AEROPARQUE AERO
1461,Mar-23,31.8,22.9,27.35,NUEVE DE JULIO
1096,Mar-23,37.0,26.8,31.9,MORON AERO
731,Mar-23,37.0,26.9,31.95,EL PALOMAR AERO
366,Mar-23,37.0,27.6,32.3,BUENOS AIRES OBSERVATORIO
1,Mar-23,35.1,27.4,31.25,AEROPARQUE AERO
1460,Mar-23,32.6,21.8,27.200000000000003,NUEVE DE JULIO
1095,Mar-23,31.4,25.9,28.65,MORON AERO
730,Mar-23,30.8,24.2,27.5,EL PALOMAR AERO
365,Mar-23,30.6,26.6,28.6,BUENOS AIRES OBSERVATORIO
0,Mar-23,30.6,24.5,27.55,AEROPARQUE AERO
